"","AllNICrimeData.Month","AllNICrimeData.Longitude","AllNICrimeData.Latitude","AllNICrimeData.Location","AllNICrimeData.Crime.type","Postcode"
"282217","2016-10",-5.92641,54.601179,"HILL STREET","Anti-social behaviour","BT12LB"
"436734","2017-09",-5.902077,54.54348,"BALLYLENAGHAN PARK","Violence and sexual offences","BT86WP"
"434513","2017-09",-6.041776,54.555545,"WHITE GLEN","Other theft","BT170XN"
"168647","2016-01",-7.322908,55.001154,"CLARENDON STREET","Criminal damage and arson","BT487ER"
"150561","2015-12",-5.950665,54.590316,"LEMBERG STREET","Anti-social behaviour","BT126GH"
"450083","2017-10",-5.930356,54.591435,"MARYVILLE STREET","Violence and sexual offences","BT71AE"
"168696","2016-01",-5.943648,54.692653,"MANSE ROAD","Drugs","BT389HW"
"217623","2016-05",-5.980466,54.558076,"BENMORE COURT","Anti-social behaviour","BT100NP"
"432638","2017-09",-5.961364,54.614002,"ELMFIELD STREET","Criminal damage and arson","BT147FG"
"282173","2016-10",-5.907029,54.207369,"SUNNINGDALE DRIVE","Anti-social behaviour","BT472PE"
"232764","2016-06",-5.939027,54.62622,"KENBELLA PARADE","Criminal damage and arson","BT155DX"
"390942","2017-06",-5.82395,54.850369,"LATHARNA HOUSES","Criminal damage and arson","BT401LL"
"249166","2016-07",-6.321819,54.858929,"FENAGHY ROAD","Other theft","BT421DZ"
"457676","2017-11",-6.388516,54.452364,"LAKELANDS","Burglary","BT641AZ"
"383362","2017-05",-5.678499,54.645899,"CLELAND PARK CENTRAL","Violence and sexual offences","BT203EP"
"152199","2015-12",-5.942431,54.687277,"RAVELSTON PARK","Anti-social behaviour","BT366PQ"
"20934","2015-02",-7.356784,55.015962,"FARLAND WAY","Violence and sexual offences","BT480RS"
"365361","2017-04",-5.905993,54.67959,"ABBEYCROFT DRIVE","Other theft","BT370YJ"
"436702","2017-09",-5.96168,54.611087,"OHIO STREET","Violence and sexual offences","BT133HU"
"234494","2016-06",-5.908227,54.660275,"SHORE ROAD","Drugs","BT403HQ"
"351669","2017-03",-5.887212,54.219621,"WESTLAND AVENUE","Other theft","BT489JE"
"397044","2017-06",-5.930334,54.599189,"CASTLE STREET","Violence and sexual offences","BT210DN"
"395913","2017-06",-6.354248,54.184292,"SECOND AVENUE","Violence and sexual offences","BT356HB"
"147010","2015-11",-6.750354,54.632688,"OLD RECTORY GLEN","Violence and sexual offences","BT809XX"
"385820","2017-06",-5.663755,54.594479,"ABBOT CRESCENT","Anti-social behaviour","BT238UD"
"178451","2016-02",-6.346893,54.182412,"KILLEAVEY ROAD","Burglary","BT356EP"
"254926","2016-08",-5.928554,54.600102,"WINECELLAR ENTRY","Anti-social behaviour","BT11QN"
"191600","2016-03",-5.901362,54.40682,"LANGLEY ROAD","Anti-social behaviour","BT248BZ"
"366571","2017-04",-5.901375,54.588438,"OMEATH STREET","Vehicle crime","BT68ND"
"472674","2017-12",-5.896188,54.572013,"STRACAM CORNER","Other theft","BT60EN"
"267269","2016-08",-6.631712,55.118683,"WINDYHALL PARK","Violence and sexual offences","BT521TU"
"123612","2015-10",-5.928374,54.601518,"DONEGALL STREET","Anti-social behaviour","BT12GQ"
"76151","2015-06",-7.307629,54.599024,"JAMES STREET","Violence and sexual offences","BT522DN"
"105216","2015-08",-5.996738,54.283806,"LEITRIM ROAD","Violence and sexual offences","BT319BB"
"379964","2017-05",-5.899854,54.586435,"WOODSTOCK ROAD","Shoplifting","BT69DR"
"435196","2017-09",-6.268945,54.869507,"SKERRY COURT","Shoplifting","BT437DW"
"279279","2016-09",-6.27238,54.864219,"DEMESNE AVENUE","Violence and sexual offences","BT204UL"
"177879","2016-02",-6.044499,54.513512,"RAILWAY STREET","Anti-social behaviour","BT235HQ"
"250516","2016-07",-5.924849,54.597496,"SEYMOUR STREET","Shoplifting","BT274SQ"
"435571","2017-09",-6.337594,54.176318,"MARGARET STREET","Shoplifting","BT472BH"
"261777","2016-08",-5.90798,54.592398,"LAWNMOUNT STREET","Criminal damage and arson","BT68BS"
"419081","2017-08",-5.906614,54.6874,"TYNAN DRIVE","Criminal damage and arson","BT370JD"
"355076","2017-03",-7.15277,54.91255,"BARANAILT ROAD","Violence and sexual offences","BT499LT"
"80812","2015-07",-5.851079,54.258725,"DE COURCEY WAY","Anti-social behaviour","BT330NZ"
"225698","2016-05",-7.751088,54.424839,"LOUGH SHORE ROAD","Violence and sexual offences","BT933BT"
"397015","2017-06",-6.680034,55.126762,"THE CREEVE","Violence and sexual offences","BT513EY"
"372215","2017-05",-6.284773,54.863254,"GALGORM ROAD","Anti-social behaviour","BT421AA"
"95927","2015-08",-7.315487,54.376674,"BREAKLY WAY","Anti-social behaviour","BT750PB"
"302970","2016-11",-6.687617,54.97818,"KURIN ROAD","Other theft","BT515NT"
"43956","2015-04",-6.221416,54.706672,"HILLSIDE","Criminal damage and arson","BT414HQ"
"98972","2015-08",-6.259447,54.543096,"BROOK LODGE","Anti-social behaviour","BT623LU"
"66069","2015-06",-7.308416,54.993312,"LOWER VIOLET STREET","Anti-social behaviour","BT472AR"
"464949","2017-11",-6.184973,54.732986,"BUSH ROAD","Violence and sexual offences","BT412QB"
"226790","2016-06",-6.055045,54.506387,"MANOR PARK","Anti-social behaviour","BT203LY"
"432242","2017-09",-5.700585,54.326091,"BALLYHORNAN ROAD","Criminal damage and arson","BT306RJ"
"118451","2015-09",-5.937646,54.597813,"KILLEN STREET","Vehicle crime",NA
"56944","2015-05",-6.316043,54.198984,"UPPER DAMOLLY ROAD","Criminal damage and arson","BT341QW"
"349603","2017-03",-5.656794,54.63725,"CRONSTON COURT","Criminal damage and arson","BT197YU"
"94535","2015-08",-5.899176,54.592093,"CASTLEREAGH ROAD","Anti-social behaviour","BT55FF"
"271034","2016-09",-6.449284,54.368625,"LAUREL GROVE","Anti-social behaviour","BT283EW"
"111383","2015-09",-6.40621,54.43348,"LISNISKY LANE","Anti-social behaviour","BT635RB"
"26554","2015-03",-6.044267,54.521909,"PALMER AVENUE","Anti-social behaviour","BT283QB"
"165664","2016-01",-7.301431,54.991592,"BANN DRIVE","Anti-social behaviour","BT472HJ"
"113540","2015-09",-6.078319,54.506912,"ROSEVALE MEADOWS","Burglary","BT281JF"
"277930","2016-09",-6.043744,54.511218,"MARKET LANE","Shoplifting","BT204SR"
"401939","2017-07",-5.932878,54.599682,"CHAPEL LANE","Anti-social behaviour","BT622LU"
"129143","2015-10",-5.921582,54.650352,"BAWNMORE PARK","Criminal damage and arson","BT367BQ"
"354213","2017-03",-6.655587,54.345656,"OGLE STREET","Violence and sexual offences","BT617EN"
"464446","2017-11",-6.106042,54.667727,"LOANENDS ROAD","Violence and sexual offences","BT294YW"
"446379","2017-10",-6.036696,54.514563,"SEYMOUR STREET","Criminal damage and arson","BT274SQ"
"94598","2015-08",-7.476159,54.821106,"LISNAFIN PARK","Anti-social behaviour","BT829DW"
"126366","2015-10",-5.829661,54.849573,"PRIORY GARDENS","Anti-social behaviour","BT100AH"
"711","2015-01",-5.665981,54.661284,"BINGHAM STREET EAST","Anti-social behaviour","BT205DP"
"432601","2017-09",-7.603054,54.54199,"KILLYCAPPY ROAD","Criminal damage and arson","BT930FQ"
"42307","2015-04",-6.263285,54.345237,"OLD BLEACH GREEN","Burglary","BT324JG"
"334703","2017-02",-6.269187,54.862413,"TROSTAN AVENUE","Anti-social behaviour","BT437BL"
"308803","2016-12",-6.285974,54.865418,"BALMORAL AVENUE","Anti-social behaviour","BT435ED"
"283626","2016-10",-6.267041,54.355004,"MOUNTVIEW PARK","Anti-social behaviour","BT274JH"
"189476","2016-03",-6.298334,54.431505,"BANBRIDGE ROAD","Anti-social behaviour","BT667HQ"
"323224","2017-01",-6.450309,54.419813,"CRAIGAVON AVENUE","Anti-social behaviour","BT623HE"
"456880","2017-11",-6.019734,54.578475,"MEADOWHILL GRANGE","Anti-social behaviour","BT118QS"
"3332","2015-01",-6.664947,55.133056,"RAILWAY ROAD","Anti-social behaviour","BT521PD"
"431108","2017-09",-5.961793,54.678161,"NORTHCROFT","Anti-social behaviour",NA
"36657","2015-03",-6.339423,54.467584,"LOUGH ROAD","Other crime","BT282PQ"
"340513","2017-02",-7.310804,54.995257,"BONDS HILL","Violence and sexual offences","BT476DW"
"55800","2015-05",-7.172463,54.240499,"RELLAN ROAD","Anti-social behaviour","BT927QY"
"94144","2015-08",-6.348536,54.456163,"DINGWELL PARK","Anti-social behaviour","BT668PS"
"241946","2016-07",-5.925317,54.663112,"CLONMORE GREEN","Anti-social behaviour","BT379ED"
"388388","2017-06",-6.220811,54.723661,"PARKLANDS","Anti-social behaviour","BT436FD"
"237314","2016-06",-5.933066,54.591086,"DUBLIN ROAD","Violence and sexual offences","BT781HQ"
"363118","2017-04",-5.963583,54.61917,"BERWICK ROAD","Criminal damage and arson","BT147JP"
"155788","2015-12",-5.95308,54.574562,"MARLBOROUGH PARK SOUTH","Criminal damage and arson","BT96HR"
"377705","2017-05",-6.19894,54.716339,"OAKDALE MANOR","Criminal damage and arson","BT411QA"
"142231","2015-11",-6.451296,54.421443,"FOX STREET","Burglary","BT623HZ"
"354833","2017-03",-7.319131,55.035887,"SANDALE PARK","Violence and sexual offences","BT488NR"
"321309","2017-01",-5.821066,54.722973,"WOODBURN AVENUE","Anti-social behaviour","BT388HB"
"130206","2015-10",-5.88431,54.520995,"BARONSCOURT PARK","Criminal damage and arson","BT88EN"
"445305","2017-10",-5.867387,54.783232,"WATERFALL ROAD","Burglary","BT440ES"
"120107","2015-09",-5.706257,54.331905,"MARIAN PARK","Violence and sexual offences","BT308DJ"
"469855","2017-12",-5.975951,54.621417,"GLENBANK PLACE","Anti-social behaviour","BT148AN"
"144534","2015-11",-7.339352,54.996098,"EASTWAY GARDENS","Other theft","BT489QB"
"156440","2015-12",NA,NA,"NO LOCATION","Drugs",NA
"163075","2016-01",-5.897336,54.677284,"GLENVILLE PARK","Anti-social behaviour","BT370TF"
"77672","2015-06",-6.583865,54.430528,"FERNAGREEVAGH ROAD","Violence and sexual offences","BT618PN"
"164759","2016-01",-5.92737,54.636794,"WAVENEY GROVE","Anti-social behaviour","BT154FW"
"271215","2016-09",-5.699252,54.593389,"MILL STREET","Anti-social behaviour","BT784AY"
"286259","2016-10",-5.90582,54.588955,"ROSLYN STREET","Anti-social behaviour","BT68JL"
"61810","2015-05",-7.622508,54.474884,"HAZELWOOD","Violence and sexual offences","BT828QX"
"427587","2017-09",-6.705835,55.181593,"ROCKLAND GARDENS","Anti-social behaviour","BT557QY"
"293699","2016-10",-6.267038,54.346306,"RATHFRILAND STREET","Violence and sexual offences","BT323LA"
"460651","2017-11",-7.321801,54.995453,"THE DIAMOND","Other theft","BT515QH"
"411551","2017-07",-5.962383,54.597639,"FORT STREET","Violence and sexual offences","BT323JD"
"167809","2016-01",-5.89915,54.601904,"MEDWAY STREET","Criminal damage and arson","BT41GA"
"225283","2016-05",-7.460836,54.512324,"CHURCH BRAE","Violence and sexual offences",NA
"27494","2015-03",-5.692895,54.641214,"LORD WARDEN'S GLADE","Anti-social behaviour","BT191GW"
"467634","2017-12",-5.926248,54.599505,"POTTINGERS ENTRY","Anti-social behaviour","BT14DT"
"412632","2017-08",-5.886518,54.591827,"BRAMCOTE STREET","Anti-social behaviour","BT55JL"
"382135","2017-05",-6.073061,54.5084,"BALLYKNOCKEN PARK","Violence and sexual offences",NA
"179396","2016-02",-5.888249,54.576313,"STIRLING AVENUE","Criminal damage and arson","BT234XL"
"210686","2016-04",-5.668234,54.659557,"MARKET STREET","Violence and sexual offences","BT538RG"
"444465","2017-10",-6.646943,54.345712,"LANGS CRESCENT","Anti-social behaviour","BT601DB"
"417980","2017-08",-7.637091,54.474102,"HUDSON HEIGHTS","Burglary","BT941FS"
"315579","2016-12",-7.352221,54.992574,"CIRCULAR ROAD","Other theft","BT514XA"
"323878","2017-01",-5.930334,54.599189,"CASTLE STREET","Anti-social behaviour","BT210DN"
"333559","2017-02",-5.925002,54.61244,"CARNALEA PLACE","Anti-social behaviour","BT151EH"
"328040","2017-01",-7.471975,54.825813,"CARRICK STRAND","Shoplifting","BT829RN"
"149990","2015-12",-5.930305,54.598533,"DONEGALL PLACE","Anti-social behaviour","BT486NU"
"461576","2017-11",-7.473778,54.829522,"LIFFORD ROAD","Shoplifting","BT828ER"
"266672","2016-08",-5.956591,54.615332,"HAVANA WAY","Violence and sexual offences","BT147QH"
"467773","2017-12",-6.347232,54.178904,"CLANRYE AVENUE","Anti-social behaviour","BT356EH"
"267138","2016-08",-5.815469,54.713339,"MODEL AVENUE","Violence and sexual offences","BT388BZ"
"45541","2015-04",-6.526258,55.080405,"BEECHCROFT","Other theft","BT536NF"
"474866","2017-12",-6.333546,54.179102,"SANDYS STREET","Violence and sexual offences","BT341EN"
"375050","2017-05",-5.987373,54.679811,"ROGAN MANOR","Anti-social behaviour","BT364BD"
"338811","2017-02",-6.345045,54.169242,"THE GLEN","Other theft","BT358BS"
"394544","2017-06",-7.72304,54.519498,"CREVENISH PARK","Violence and sexual offences","BT931RB"
"241796","2016-07",-6.669696,55.131689,"NEW ROW","Anti-social behaviour","BT521AE"
"206689","2016-04",-6.084801,54.45944,"PARK STREET","Criminal damage and arson","BT266AL"
"321963","2017-01",-5.909185,54.591233,"RICHARDSON STREET","Anti-social behaviour","BT68DX"
"409123","2017-07",-7.474212,54.808153,"TURNBERRY MANOR","Violence and sexual offences","BT829TB"
"230134","2016-06",-7.304636,54.596716,"GLENVIEW COTTAGES","Anti-social behaviour","BT440DJ"
"461173","2017-11",-6.664679,55.151397,"LOUGHANHILL PARK","Public order","BT522QD"
"343153","2017-02",-7.272679,54.997065,"SUMMER MEADOWS MANOR","Other crime","BT476SE"
"99958","2015-08",-5.970844,54.615446,"SOMERDALE PARK","Criminal damage and arson","BT147HD"
"373594","2017-05",-5.740207,54.666906,"BRIDGE ROAD","Anti-social behaviour","BT449EF"
"79786","2015-07",-7.379497,54.715953,"OLDCASTLE ROAD","Anti-social behaviour","BT784HX"
"227399","2016-06",-5.932958,54.621912,"ASHFIELD GARDENS","Anti-social behaviour","BT153FW"
"2388","2015-01",-5.939954,54.581221,"PARK LANE","Anti-social behaviour","BT636BE"
"107396","2015-08",-6.442984,54.422037,"THOMAS STREET","Violence and sexual offences","BT436AZ"
"257177","2016-08",-7.2667,55.035304,"STRADOWEN DRIVE","Anti-social behaviour","BT476XN"
"451233","2017-10",-5.850311,54.616501,"KNOCKNAGONEY DRIVE","Violence and sexual offences","BT42QF"
"167594","2016-01",-5.905507,54.595347,"MOUNTPOTTINGER ROAD","Criminal damage and arson","BT54LG"
"399471","2017-07",-5.869377,54.608356,"INVERARY AVENUE","Anti-social behaviour","BT41RN"
"432480","2017-09",-5.928224,54.586187,"UNIVERSITY STREET","Criminal damage and arson","BT71HB"
"282415","2016-10",-6.585218,54.692626,"SCOTTS ROAD","Anti-social behaviour","BT457TW"
"364943","2017-04",-5.935169,54.588355,"LISBURN ROAD","Other theft","BT294NX"
"144459","2015-11",-6.624991,55.037829,"KEELY GARDENS","Other theft","BT514AL"
"178865","2016-02",-5.868892,54.601636,"EDGCUMBE DRIVE","Burglary","BT42EN"
"80180","2015-07",-6.165216,54.233278,"WRIGHTS PARK","Anti-social behaviour","BT345QP"
"285631","2016-10",-7.32179,54.998831,"SACKVILLE STREET","Anti-social behaviour","BT487BQ"
"200624","2016-04",-5.971546,54.302685,"RIBADOO ROAD","Anti-social behaviour","BT319SY"
"465034","2017-11",-5.842954,54.634107,"ABBEY RING","Violence and sexual offences","BT189PF"
"295412","2016-10",-6.949792,55.052825,"MAIN STREET","Violence and sexual offences","BT536AN"
"419316","2017-08",-5.941826,54.628137,"CHICHESTER PARK CENTRAL","Criminal damage and arson","BT424BE"
"73455","2015-06",-6.348118,54.169734,"BARCROFT PARK","Other theft","BT358ES"
"461625","2017-11",-6.268945,54.869507,"SKERRY COURT","Shoplifting","BT437DW"
"417975","2017-08",-6.71784,55.183669,"CHURCH STREET","Burglary","BT536DL"
"324934","2017-01",-5.893962,54.591796,"FOXGLOVE STREET","Criminal damage and arson","BT54SQ"
"354847","2017-03",-7.321641,54.5994,"BROOKMOUNT HEIGHTS","Violence and sexual offences","BT785JW"
"5861","2015-01",-5.885847,54.587449,"GRAND PARADE","Criminal damage and arson","BT55HG"
"349752","2017-03",-5.896897,54.212198,"SHIMNA MILE","Criminal damage and arson","BT330TQ"
"79861","2015-07",-5.903719,54.60095,"HARLAND DRIVE","Anti-social behaviour","BT41BJ"
"348329","2017-03",-6.800225,54.452402,"ROAN CLOSE","Burglary","BT701NE"
"328954","2017-01",-5.668831,54.648328,"BRAESIDE CLOSE","Violence and sexual offences","BT204EQ"
"348596","2017-03",-7.309666,54.994217,"DUDDYS COURT","Burglary","BT476BH"
"308494","2016-12",-6.660064,55.14354,"HARTFORD PARK","Anti-social behaviour","BT522JW"
"217319","2016-05",-6.348367,54.459997,"OAKRIDGE","Anti-social behaviour","BT602LL"
"86994","2015-07",-5.940182,54.602142,"GREENLAND STREET","Criminal damage and arson","BT132EN"
"95969","2015-08",-5.808725,54.727881,"CASTLEMARA DRIVE","Anti-social behaviour","BT387RD"
"55260","2015-05",-7.352774,54.991229,"CIRCULAR ROAD","Anti-social behaviour","BT514XA"
"371923","2017-05",-5.876207,54.578259,"CLONDUFF DRIVE","Anti-social behaviour","BT69NS"
"372859","2017-05",-5.990409,54.560237,"ORMONDE PARK","Anti-social behaviour","BT100LT"
"278193","2016-09",-7.26821,55.031433,"PARKMORE DRIVE","Shoplifting","BT476XA"
"380122","2017-05",-7.313431,54.596281,"ARDMORE CRESCENT","Shoplifting","BT624DU"
"365944","2017-04",-5.814828,54.59422,"COMBER ROAD","Public order","BT161XB"
"79412","2015-07",-6.653933,55.199392,"METROPOLE ROUNDABOUT","Anti-social behaviour",NA
"135882","2015-10",-7.730497,54.533825,"BOA ISLAND ROAD","Violence and sexual offences","BT938AA"
"14730","2015-02",-5.934694,54.599272,"DIVIS STREET","Anti-social behaviour","BT124AP"
"14091","2015-02",-5.662118,54.638404,"RATHGILL GARDENS","Anti-social behaviour","BT197TB"
"333948","2017-02",-6.663686,55.133707,"RAILWAY PLACE","Anti-social behaviour","BT521PQ"
"409114","2017-07",-6.277055,54.864897,"MILL STREET","Violence and sexual offences","BT784AY"
"386560","2017-06",-5.947732,54.6191,"CLIFTONVILLE PARADE","Anti-social behaviour","BT146LQ"
"55562","2015-05",-7.31798,54.995944,"FOYLE STREET","Anti-social behaviour","BT486XY"
"54505","2015-05",-5.925292,54.587566,"POWERSCOURT PLACE","Anti-social behaviour","BT71FX"
"97719","2015-08",-5.872414,54.600574,"EDENVALE CRESCENT","Anti-social behaviour","BT42BH"
"453539","2017-11",-6.017228,54.555549,"CHESTNUT PARK","Anti-social behaviour","BT829EJ"
"269795","2016-09",-7.31798,54.995944,"FOYLE STREET","Anti-social behaviour","BT486XY"
"381110","2017-05",-5.673962,54.660764,"CENTRAL AVENUE","Violence and sexual offences","BT557BP"
"113542","2015-09",-5.898585,54.597851,"MONTROSE WALK","Burglary","BT54JZ"
"327469","2017-01",-6.024072,54.55788,"GLASVEY CLOSE","Other theft","BT170EE"
"114942","2015-09",-5.501338,54.421406,"PORTAFERRY ROAD","Criminal damage and arson","BT238NN"
"447943","2017-10",-5.794193,54.370566,"TECONNAUGHT ROAD","Other theft","BT309HH"
"361327","2017-04",-6.2771,54.866407,"HIGH STREET","Anti-social behaviour","BT189SS"
"112224","2015-09",-6.337669,54.463687,"DILL AVENUE","Anti-social behaviour","BT275HP"
"392133","2017-06",-6.347586,54.456779,"TAGHNEVAN DRIVE","Drugs","BT668SY"
"279776","2016-09",-6.352147,54.180112,"HOSPITAL ROAD","Violence and sexual offences","BT455EG"
"63272","2015-05",-6.219856,54.805602,"FERNISKY COURT","Violence and sexual offences","BT423LN"
"254287","2016-08",-6.325236,54.47657,"KILVORAGH PARK","Anti-social behaviour","BT679LT"
"379161","2017-05",-5.716958,54.323302,"THOMAS RUSSELL PARK","Other theft","BT306NH"
"454260","2017-11",-5.982673,54.575373,"ANDERSONSTOWN ROAD","Anti-social behaviour","BT119EA"
"61758","2015-05",-5.95896,54.598319,"SPRINGFIELD ROAD","Violence and sexual offences","BT205BZ"
"325516","2017-01",-5.635866,54.645245,"ALBANY ROAD","Criminal damage and arson","BT196YW"
"7697","2015-01",-6.268694,54.350832,"BRIDGE STREET","Possession of weapons","BT440RP"
"121140","2015-09",-5.927283,54.612632,"GLENROSA LINK","Violence and sexual offences","BT152HJ"
"308833","2016-12",-5.693402,54.644575,"AVA FARM","Anti-social behaviour","BT191BF"
"374995","2017-05",-7.320197,55.007131,"ROCK TERRACE","Anti-social behaviour","BT487NX"
"89695","2015-07",-6.21597,54.114754,"LEVALLYREAGH ROAD","Vehicle crime","BT343DW"
"413642","2017-08",-5.920169,54.594289,"STANFIELD ROW","Anti-social behaviour","BT72HA"
"461207","2017-11",-6.214538,54.736426,"ARGYLL STREET","Public order","BT412TW"
"153825","2015-12",-7.634071,54.342405,"THE POINT","Anti-social behaviour","BT746JQ"
"444260","2017-10",-5.440688,54.458417,"PRINCESS ANNE ROAD","Anti-social behaviour","BT221DT"
"376491","2017-05",-5.641291,54.251377,"CASTLE COURT","Criminal damage and arson","BT703EH"
"302977","2016-11",-6.334222,54.193541,"SPRING HILL COURT","Other theft","BT341AS"
"212934","2016-05",-7.314768,55.024877,"RACECOURSE ROAD","Anti-social behaviour","BT487RB"
"219985","2016-05",-7.61129,54.35819,"SYCAMORE DRIVE","Criminal damage and arson","BT465HE"
"184654","2016-02",-5.945861,54.582795,"TATES AVENUE","Violence and sexual offences","BT97BS"
"363673","2017-04",-6.330613,54.751951,"THE OAKS","Criminal damage and arson","BT238GZ"
"382253","2017-05",-5.714251,54.331086,"MEADOWLANDS","Violence and sexual offences","BT370UR"
"223903","2016-05",-7.267831,54.611286,"BUCHANAN VILLAS","Violence and sexual offences","BT797NA"
"65654","2015-06",-6.255361,55.206316,"STROANSHESK PARK","Anti-social behaviour","BT546LF"
"467784","2017-12",-7.044257,55.042869,"CLOONEY ROAD","Anti-social behaviour","BT476TB"
"341262","2017-02",-6.68591,55.128272,"COPELAND PARK","Violence and sexual offences","BT513EG"
"136067","2015-10",-6.017473,54.55337,"SUMMERHILL MEWS","Violence and sexual offences","BT170LQ"
"87769","2015-07",-6.929123,55.041641,"ANDERSON CRESCENT","Other theft","BT472BY"
"381568","2017-05",-5.946236,54.617753,"CHESTNUT GARDENS","Violence and sexual offences","BT146LN"
"370178","2017-05",-5.871899,54.604528,"CLONAVER CRESCENT SOUTH","Anti-social behaviour","BT42EY"
"418435","2017-08",-5.928635,54.592727,"ORMEAU AVENUE","Criminal damage and arson","BT28HB"
"187960","2016-03",-7.473063,54.785251,"CHURCH SQUARE","Anti-social behaviour","BT345PT"
"219239","2016-05",-5.713089,54.328476,"CROFT CLOSE","Criminal damage and arson","BT440EW"
"268340","2016-08",-6.116165,54.566879,"THE BEECHES MANOR","Other crime","BT283PL"
"368771","2017-04",-6.013458,54.0657,"RANDALL HEIGHTS","Violence and sexual offences","BT344XU"
"62288","2015-05",-5.935798,54.604359,"WALL STREET","Violence and sexual offences","BT131BE"
"42276","2015-04",-6.579759,54.302794,"REDROCK ROAD","Burglary","BT601SW"
"185009","2016-02",-5.938796,54.60476,"SHERBROOK CLOSE","Violence and sexual offences","BT131ER"
"117058","2015-09",-6.271421,54.869174,"SUFFOLK STREET","Other theft","BT437DA"
"290207","2016-10",-5.956942,54.616677,"JAMAICA STREET","Drugs","BT147QF"
"160959","2015-12",-6.658425,55.133973,"WINDSOR AVENUE","Violence and sexual offences","BT234QG"
"372444","2017-05",-7.326193,54.999053,"BREWSTERS CLOSE","Anti-social behaviour","BT486AH"
"174942","2016-02",-5.935396,54.589374,"DONEGALL ROAD","Anti-social behaviour","BT126DY"
"185643","2016-02",-5.932362,54.586663,"INDIA STREET","Violence and sexual offences","BT71LJ"
"259131","2016-08",-7.269302,54.607773,"BERKELEY HEIGHTS","Anti-social behaviour","BT797PR"
"227269","2016-06",-5.90499,54.599705,"SUSAN STREET","Anti-social behaviour","BT54FE"
"154699","2015-12",-5.933132,54.606883,"CLIFTON HOUSE MEWS","Burglary","BT151EA"
"199445","2016-03",-6.745148,54.646838,"BURN ROAD","Violence and sexual offences","BT808DN"
"399919","2017-07",-5.936466,54.58658,"CLAREMONT STREET","Anti-social behaviour","BT96JX"
"366703","2017-04",-7.308892,55.029209,"LISCLOON DRIVE","Vehicle crime","BT488HT"
"364150","2017-04",-6.9359,55.043281,"DRUMACHOSE PARK","Criminal damage and arson","BT490NZ"
"148394","2015-11",-6.387933,54.453856,"LAKELANDS","Violence and sexual offences","BT641AZ"
"88986","2015-07",-6.666327,54.265177,"DUNDRUM ROAD","Robbery","BT330BG"
"137528","2015-10",-6.142652,54.302612,"ALEXANDER PARK","Other crime","BT465SR"
"209778","2016-04",-5.928087,54.656493,"LONGLANDS PARK","Violence and sexual offences","BT367NG"
"95463","2015-08",-5.904654,54.594192,"THE MOUNT","Anti-social behaviour","BT54NB"
"214005","2016-05",-6.669715,54.348652,"ARD RI PARK","Anti-social behaviour","BT604JS"
"219114","2016-05",-6.558246,54.643238,"DERRYCRIN ROAD","Criminal damage and arson","BT800HJ"
"140229","2015-11",-6.557923,54.778226,"MAIN STREET","Anti-social behaviour","BT536AN"
"467749","2017-12",-6.033706,54.552997,"LAGMORE MEADOWS","Anti-social behaviour","BT170TJ"
"194820","2016-03",-6.207668,54.804407,"PARKGATE ROAD","Other theft","BT423LE"
"9041","2015-01",-7.305876,54.599319,"JOHN STREET","Violence and sexual offences","BT781DW"
"85718","2015-07",-5.898526,54.592396,"BEERSBRIDGE ROAD","Criminal damage and arson","BT55EG"
"63456","2015-05",-5.988159,54.680525,"ROGAN MANOR","Violence and sexual offences","BT364BD"
"94419","2015-08",-6.048663,54.512645,"ANTRIM STREET","Anti-social behaviour","BT281AU"
"377077","2017-05",-7.320302,55.023058,"CARNHILL","Criminal damage and arson","BT488BG"
"132743","2015-10",-5.806084,54.653768,"CIRCULAR ROAD EAST","Other theft","BT180HA"
"281424","2016-09",-5.884378,54.602357,"PARK AVENUE","Violence and sexual offences","BT204JU"
"188737","2016-03",-5.936525,54.637095,"PARKMOUNT ROAD","Anti-social behaviour","BT364QQ"
"293982","2016-10",-6.462046,54.754031,"ROGUERY ROAD","Violence and sexual offences","BT413PT"
"237592","2016-06",-7.37442,54.977653,"BRAE HEAD ROAD","Violence and sexual offences","BT489XE"
"6312","2015-01",-5.957446,54.604448,"BATTENBERG STREET","Drugs","BT133AU"
"310556","2016-12",-7.34701,54.992124,"CROMORE GARDENS","Anti-social behaviour","BT489TG"
"283388","2016-10",-6.262185,54.860444,"BARRA DRIVE","Anti-social behaviour","BT424AQ"
"65059","2015-06",-5.887212,54.219621,"WESTLAND AVENUE","Anti-social behaviour","BT489JE"
"193167","2016-03",-5.930686,54.590731,"SALISBURY STREET","Criminal damage and arson","BT71AH"
"144602","2015-11",-5.92641,54.601179,"HILL STREET","Other theft","BT12LB"
"167466","2016-01",-7.637132,54.344103,"TOWNHALL STREET","Criminal damage and arson","BT784AX"
"146992","2015-11",-6.607419,54.759822,"DERRAMORE DRIVE","Violence and sexual offences","BT455RG"
"297344","2016-11",-6.022849,54.556944,"GLASVEY COURT","Anti-social behaviour","BT170DY"
"240190","2016-06",-7.335188,55.027739,"THE MEADOWS","Other crime","BT437NG"
"441714","2017-10",-6.470264,55.122134,"GREYSTONE CRESCENT","Anti-social behaviour","BT538BG"
"82678","2015-07",-6.006047,54.569256,"SUFFOLK CRESCENT","Anti-social behaviour","BT119JT"
"217823","2016-05",-6.450068,54.418058,"ARTHUR AVENUE","Anti-social behaviour","BT623EY"
"211071","2016-04",-5.972738,54.62219,"FABURN PARK","Violence and sexual offences","BT148AJ"
"201901","2016-04",-6.273853,54.86,"WARING STREET","Anti-social behaviour","BT12ED"
"371406","2017-05",-6.282422,54.865071,"HOPE STREET","Anti-social behaviour","BT435EE"
"129528","2015-10",-6.663686,55.133707,"RAILWAY PLACE","Criminal damage and arson","BT521PQ"
"179177","2016-02",-7.302503,55.032461,"AMELIA COURT","Criminal damage and arson","BT488DP"
"220992","2016-05",-6.193796,54.719641,"CROSSREAGH DRIVE","Other theft","BT379DZ"
"428312","2017-09",-5.633043,54.645037,"KINWOOD DRIVE","Anti-social behaviour","BT196UQ"
"204231","2016-04",-6.034086,54.507827,"ALEXANDER AVENUE","Anti-social behaviour","BT617JD"
"347651","2017-03",-6.455449,54.432251,"GARVAGHY ROAD","Anti-social behaviour","BT621RZ"
"444345","2017-10",-6.266506,54.352022,"CHURCH SQUARE","Anti-social behaviour","BT345PT"
"161552","2015-12",-5.912618,54.680118,"KINGS CRESCENT","Violence and sexual offences","BT370DH"
"173211","2016-01",-5.911035,54.675014,"PRINCES DRIVE","Violence and sexual offences","BT370AZ"
"142416","2015-11",-5.68997,54.594182,"EAST STREET","Criminal damage and arson","BT237DD"
"60889","2015-05",-5.88002,54.593008,"MARTINEZ AVENUE","Vehicle crime","BT55LY"
"358322","2017-04",-6.441213,54.422032,"SANDY ROW","Anti-social behaviour","BT125EY"
"17488","2015-02",-6.339325,54.195031,"RATHMORE ROAD","Criminal damage and arson","BT341LW"
"279246","2016-09",-5.93162,54.539631,"BALLYCOAN ROAD","Violence and sexual offences","BT88LP"
"73824","2015-06",-5.894837,54.589232,"CHANNING STREET","Other theft","BT55GP"
"221935","2016-05",-6.93096,55.04313,"EDENMORE PARK","Other theft","BT490RG"
"342596","2017-02",-7.065408,54.896943,"GLENSHANE ROAD","Violence and sexual offences","BT473EN"
"327049","2017-01",-5.884235,54.590799,"GRACE AVENUE","Other theft","BT55JH"
"42408","2015-04",-7.617508,54.341213,"COOLE DRIVE","Burglary","BT746BS"
"114585","2015-09",-5.872414,54.600574,"EDENVALE CRESCENT","Criminal damage and arson","BT42BH"
"121658","2015-09",-5.938546,54.580622,"MALONE ROAD","Violence and sexual offences","BT96SP"
"301065","2016-11",-7.355157,55.019915,"HARTY COURT","Criminal damage and arson","BT480JR"
"222427","2016-05",-5.923546,54.551946,"CASTLEDILLON ROAD","Shoplifting","BT87BJ"
"289420","2016-10",-5.901929,54.40718,"QUOILE TERRACE","Criminal damage and arson","BT248BW"
"243575","2016-07",-6.026226,54.555525,"GLASVEY GARDENS","Anti-social behaviour","BT170DX"
"194656","2016-03",-7.348897,55.022253,"CORRIB COURT","Other theft","BT480PB"
"328250","2017-01",-6.396662,54.197416,"ORIOR PARK","Vehicle crime","BT357BT"
"249654","2016-07",-6.357332,54.852291,"GLOONAN HILL","Other theft","BT421PU"
"410635","2017-07",-5.924127,54.587959,"ORMEAU ROAD","Violence and sexual offences","BT73HY"
"124329","2015-10",-6.060062,54.513565,"HILLSIDE CRESCENT","Anti-social behaviour","BT770HL"
"45245","2015-04",-5.938035,54.546938,"BALLYCAIRN DRIVE","Other theft","BT88HG"
"185440","2016-02",-6.775778,55.146015,"DUNBOE CRESCENT","Violence and sexual offences","BT514XT"
"89514","2015-07",-7.630614,54.340481,"DERRYCHARA ROAD","Shoplifting","BT746JF"
"170331","2016-01",-5.845668,54.589211,"KINGS SQUARE","Robbery","BT57EA"
"406236","2017-07",-5.928592,54.599366,"CORN MARKET","Drugs","BT358BG"
"144941","2015-11",-5.847327,54.587983,"GILNAHIRK ROAD","Other theft","BT57DA"
"132463","2015-10",-5.702929,54.591572,"JOHN STREET","Other theft","BT781DW"
"346365","2017-03",-6.251798,54.859702,"STAFFA DRIVE","Anti-social behaviour","BT424EH"
"154536","2015-12",-6.664478,55.128793,"NURSERY AVENUE","Burglary","BT521LP"
"112160","2015-09",-6.337535,54.175123,"MARCUS STREET","Anti-social behaviour","BT341ET"
"451571","2017-10",-6.058183,54.498827,"AVONMORE PARK","Violence and sexual offences","BT281NA"
"38498","2015-04",-7.287763,55.003792,"PARKLANDS","Anti-social behaviour","BT436FD"
"184872","2016-02",-5.936572,54.608029,"ANNESLEY STREET","Violence and sexual offences","BT146AJ"
"332425","2017-02",-5.977928,54.624316,"SPRINGVALE GARDENS","Anti-social behaviour","BT148BZ"
"444013","2017-10",-5.947036,54.590812,"ROOSEVELT SQUARE","Anti-social behaviour","BT125RW"
"75615","2015-06",-5.672822,54.642214,"BALLOO CRESCENT","Vehicle crime","BT197WP"
"38483","2015-04",-5.90192,54.671371,"CAMBRAI DRIVE","Anti-social behaviour","BT667QU"
"2401","2015-01",-6.454963,54.432065,"GARVAGHY ROAD","Anti-social behaviour","BT621RZ"
"403146","2017-07",-5.50465,54.58121,"BALLYWALTER ROAD","Anti-social behaviour","BT222HS"
"413148","2017-08",-6.608786,54.749884,"GREENVALE PARK","Anti-social behaviour","BT456DP"
"49075","2015-04",-7.318992,54.995249,"NEWMARKET STREET","Violence and sexual offences","BT486EB"
"362064","2017-04",-5.921174,54.587917,"COOKE PLACE","Bicycle theft","BT72ET"
"285963","2016-10",-7.082782,54.689186,"MARYVILLE","Anti-social behaviour","BT797QW"
"239903","2016-06",-5.848846,54.259467,"DROMARA ROAD","Violence and sexual offences","BT266PE"
"446336","2017-10",-6.77009,54.508707,"QUARRY LANE","Criminal damage and arson","BT701HX"
"108575","2015-09",-6.782927,54.511056,"MULLAGHMORE ROAD","Anti-social behaviour","BT701RB"
"350747","2017-03",-5.658661,54.636298,"BERKLEY SQUARE","Drugs","BT808UD"
"96061","2015-08",-6.889233,54.548482,"CAMAGHY ROAD SOUTH","Anti-social behaviour","BT702NL"
"334200","2017-02",-7.713166,54.258128,"MULLAN ROAD","Anti-social behaviour","BT537ED"
"358421","2017-04",-5.712699,54.322215,"ARDPATRICK AVENUE","Anti-social behaviour","BT306JF"
"177237","2016-02",-5.8429,54.864966,"ARGYLL AVENUE","Anti-social behaviour","BT402JX"
"401077","2017-07",-6.65847,55.147565,"KENBANE AVENUE","Anti-social behaviour","BT522QN"
"13939","2015-02",-6.413146,54.356484,"BALLYBEG PARK","Anti-social behaviour","BT622AH"
"434144","2017-09",-5.815128,54.644929,"RANNOCH ROAD","Other theft","BT180NA"
"443286","2017-10",-5.945246,54.612831,"MANOR STREET","Anti-social behaviour","BT146ED"
"347204","2017-03",-7.645319,54.296874,"THE COMMONS","Anti-social behaviour","BT437JJ"
"262542","2016-08",-5.699388,54.578368,"BLENHEIM DRIVE","Criminal damage and arson","BT234RA"
"226001","2016-05",-6.637117,55.196043,"BALLYWILLIN CRESCENT","Violence and sexual offences","BT568GJ"
"384218","2017-06",-5.70559,54.578656,"BLENHEIM DRIVE","Anti-social behaviour","BT234RA"
"187480","2016-03",-5.948374,54.572191,"MARLBOROUGH GARDENS","Anti-social behaviour","BT387SZ"
"226436","2016-05",-6.702085,54.493999,"KILLYCAVAN MANOR","Other crime","BT716XA"
"410554","2017-07",-6.332381,54.212617,"CLOGHANRAMER ROAD","Violence and sexual offences","BT341QG"
"41792","2015-04",-5.935297,54.586129,"UNIVERSITY SQUARE MEWS","Anti-social behaviour","BT71JU"
"69414","2015-06",-5.966907,54.680386,"GLENVARNA GREEN","Anti-social behaviour","BT365JF"
"277994","2016-09",-6.261242,54.857385,"MEADOWVALE","Shoplifting","BT275RX"
"153957","2015-12",-6.760962,54.50423,"KILLYMAN ROAD","Anti-social behaviour","BT716RS"
"374161","2017-05",-6.673522,55.119388,"RIVERSIDE PARK SOUTH","Anti-social behaviour","BT513RT"
"136876","2015-10",-6.019406,54.557822,"GLASVEY RISE","Violence and sexual offences","BT170DZ"
"144198","2015-11",-5.847476,54.743374,"LIBERTY ROAD","Drugs","BT389DJ"
"201782","2016-04",-5.924583,54.586907,"ESSEX GROVE","Anti-social behaviour","BT71GE"
"140419","2015-11",-7.83095,54.298679,"SLIGO ROAD","Anti-social behaviour","BT745QR"
"46080","2015-04",-6.215095,54.620939,"MILL ROAD","Other theft","BT557SE"
"252165","2016-07",-7.267032,55.03342,"DERAMORE DRIVE","Violence and sexual offences","BT476XL"
"411349","2017-07",-7.325588,54.98951,"FERGUSON STREET","Violence and sexual offences","BT486TA"
"339859","2017-02",-5.916291,54.656551,"MERVILLE GARDEN VILLAGE","Shoplifting","BT379TY"
"313605","2016-12",-6.351678,54.174185,"ALTMORE GARDENS","Criminal damage and arson","BT358EX"
"196749","2016-03",-5.961838,54.588115,"RODNEY PARADE","Violence and sexual offences","BT126EE"
"231862","2016-06",-6.272986,54.867893,"BROUGHSHANE STREET","Anti-social behaviour","BT436EE"
"396384","2017-06",-7.328607,54.994898,"MEENAN SQUARE","Violence and sexual offences","BT489EX"
"252448","2016-07",-6.400693,54.198189,"BROOKVILLE CRESCENT","Violence and sexual offences","BT357BD"
"378288","2017-05",-5.915831,54.660398,"RATHCOOLE DRIVE","Drugs","BT379AE"
"93692","2015-08",-6.45371,54.422777,"UNION STREET","Anti-social behaviour","BT521QA"
"9407","2015-01",-7.31278,55.02589,"MOYOLA DRIVE","Violence and sexual offences","BT488EF"
"161689","2015-12",-6.716341,55.177563,"SEAFIELD PARK SOUTH","Violence and sexual offences","BT557LH"
"217896","2016-05",-5.911055,54.592164,"BALLARAT STREET","Anti-social behaviour","BT68FX"
"312776","2016-12",-6.221691,54.732991,"ARRAN STREET","Criminal damage and arson","BT412TB"
"124091","2015-10",-5.898118,54.593108,"LORD STREET","Anti-social behaviour","BT54QH"
"458149","2017-11",-6.526576,55.204945,"PRIESTLAND ROAD","Criminal damage and arson","BT578UJ"
"404355","2017-07",-5.928265,54.587203,"CROMWELL ROAD","Burglary","BT71NE"
"32513","2015-03",-5.947116,54.609206,"TUDOR PLACE","Shoplifting","BT131LY"
"15695","2015-02",-6.032042,54.524308,"CLONMORE PARK","Burglary","BT274EU"
"132003","2015-10",-6.321985,54.185824,"RATHFRILAND ROAD","Other theft","BT252LG"
"27459","2015-03",-6.714722,55.178606,"ST. JOHNS CLOSE","Anti-social behaviour","BT557DT"
"299212","2016-11",-6.189383,54.71697,"DUNAMOY DRIVE","Anti-social behaviour","BT411LD"
"345234","2017-03",-7.321893,54.999244,"GREAT JAMES STREET","Anti-social behaviour","BT487DG"
"412730","2017-08",-5.934882,54.589437,"DONEGALL ROAD","Anti-social behaviour","BT126DY"
"186542","2016-03",-6.366509,54.454036,"PINEBANK","Anti-social behaviour","BT655BZ"
"288933","2016-10",-7.319625,55.007676,"STRAND ROAD","Criminal damage and arson",NA
"402753","2017-07",-7.287703,54.993974,"RICHILL PARK","Anti-social behaviour","BT475QZ"
"178836","2016-02",-6.267757,54.883406,"BLACKSGROVE","Burglary","BT436AS"
"470967","2017-12",-5.946469,54.687157,"FAIRVIEW AVENUE","Criminal damage and arson","BT366PT"
"13339","2015-02",-5.950002,54.690919,"MOSSBANK","Anti-social behaviour","BT365ND"
"354629","2017-03",-5.712967,54.328456,"CROFT CLOSE","Violence and sexual offences","BT440EW"
"180925","2016-02",-5.94134,54.60802,"FLORENCE COURT","Drugs","BT131EY"
"1571","2015-01",-6.941523,55.04183,"GLENMORE GARDENS","Anti-social behaviour","BT536DG"
"407697","2017-07",-5.963162,54.594121,"ARDNACLOWNEY DRIVE","Public order","BT127NP"
"202497","2016-04",-5.823826,54.588272,"OLD DUNDONALD ROAD","Anti-social behaviour","BT161XS"
"67967","2015-06",-5.933906,54.599241,"COLLEGE COURT","Anti-social behaviour","BT490UR"
"40616","2015-04",-5.928741,54.597032,"DONEGALL SQUARE EAST","Anti-social behaviour","BT15HD"
"250080","2016-07",-5.934292,54.600173,"BERRY STREET","Shoplifting","BT11FJ"
"155522","2015-12",-6.606508,54.747459,"LECKAGH DRIVE","Criminal damage and arson","BT456JT"
"39749","2015-04",-5.927347,54.59859,"ARTHUR SQUARE","Anti-social behaviour","BT14FD"
"39212","2015-04",-6.944168,55.046524,"RATHBEG DRIVE","Anti-social behaviour","BT490BB"
"433122","2017-09",-7.329156,54.994739,"ABBOTS WALK","Criminal damage and arson","BT489HA"
"159951","2015-12",-5.955374,54.621691,"OLDPARK ROAD","Violence and sexual offences","BT146QR"
"191039","2016-03",-6.326307,54.161894,"MAPLE GROVE","Anti-social behaviour","BT252BQ"
"68793","2015-06",-6.334312,54.175294,"HIGH STREET","Anti-social behaviour","BT189SS"
"323556","2017-01",-5.865654,54.600222,"CLONALLON PARK","Anti-social behaviour","BT42BZ"
"4678","2015-01",-5.916611,54.569716,"ST. JOHNS PARK","Burglary","BT350JQ"
"72722","2015-06",-5.93075,54.60014,"BERRY STREET","Drugs","BT11FJ"
"338502","2017-02",-5.895581,54.530078,"SAINTFIELD ROAD","Other theft","BT86GU"
"322239","2017-01",-5.940605,54.600811,"FINGALS COURT","Anti-social behaviour","BT132DP"
"95910","2015-08",-5.955815,54.615687,"HAVANA WAY","Anti-social behaviour","BT147QH"
"46340","2015-04",-5.890631,54.215709,"DUNWELLAN PARK","Other theft","BT330DD"
"287693","2016-10",-5.987889,54.594427,"SPRINGFIELD ROAD","Anti-social behaviour","BT205BZ"
"269891","2016-09",-6.655119,54.35433,"RAILWAY STREET","Anti-social behaviour","BT235HQ"
"285453","2016-10",-6.680628,55.125385,"KYLEMORE ROAD","Anti-social behaviour","BT513HG"
"363387","2017-04",-5.661103,54.643138,"BALLYMINETRAGH GARDENS","Criminal damage and arson","BT197RJ"
"35780","2015-03",-6.192086,54.69321,"ABBEY GARDENS","Violence and sexual offences","BT222DJ"
"247755","2016-07",-6.947815,55.038705,"IRWIN AVENUE","Criminal damage and arson","BT43AF"
"234914","2016-06",-6.613145,54.756375,"RAINEY STREET","Other theft","BT455AQ"
"415427","2017-08",-6.23916,55.203568,"STRAND COURT","Anti-social behaviour","BT546JZ"
"120597","2015-09",-6.339119,54.175351,"THE MALL","Violence and sexual offences","BT341AN"
"76769","2015-06",-5.890513,54.221934,"BURRENDALE PARK ROAD","Violence and sexual offences","BT330JE"
"197592","2016-03",-5.666286,54.663536,"HIGH STREET","Violence and sexual offences","BT189SS"
"350962","2017-03",-5.926951,54.623112,"SKEGONEILL AVENUE","Other theft","BT153JP"
"174003","2016-01",-6.342192,54.183525,"ARMAGH ROAD","Violence and sexual offences","BT350EZ"
"15356","2015-02",-5.894279,54.589546,"QUINTON STREET","Anti-social behaviour","BT55GR"
"72782","2015-06",-6.997334,54.936079,"ALTMOVER ROAD","Drugs","BT474QE"
"359088","2017-04",-6.780424,54.501795,"WINDMILL COURT","Anti-social behaviour","BT717DB"
"5412","2015-01",-6.362486,54.185528,"CAMLOUGH ROAD","Criminal damage and arson","BT357EF"
"153795","2015-12",-5.882976,54.598945,"POMONA AVENUE","Anti-social behaviour","BT43AL"
"476050","2017-12",-5.976908,54.593705,"WESTROCK PARK","Violence and sexual offences","BT127QW"
"67440","2015-06",-6.332739,54.453682,"DARLING AVENUE","Anti-social behaviour","BT668HA"
"82253","2015-07",-5.933895,54.587857,"LOWER CRESCENT","Anti-social behaviour","BT235BU"
"223690","2016-05",-5.896002,54.615534,"QUEENS ROAD","Violence and sexual offences","BT39DT"
"341699","2017-02",-5.659397,54.648281,"SOUTH CIRCULAR ROAD","Violence and sexual offences","BT197HB"
"74664","2015-06",-5.83955,54.850711,"LINN ROAD","Shoplifting","BT402AH"
"385461","2017-06",-5.749028,54.82503,"BALLYTOBER ROAD","Anti-social behaviour","BT578UX"
"74638","2015-06",-7.317256,54.599788,"CENTENARY PARK","Shoplifting","BT785HL"
"28888","2015-03",-7.295673,54.979585,"ASHCROFT","Criminal damage and arson","BT472JQ"
"291324","2016-10",-5.641595,54.61964,"KERRS ROAD","Other theft","BT197QD"
"30772","2015-03",-5.961374,54.688999,"BRYSON COURT","Drugs","BT365XW"
"81771","2015-07",-5.710424,54.758096,"RANSEVYN COURT","Anti-social behaviour","BT389LX"
"52120","2015-05",-5.917791,54.654492,"LONGWOOD ROAD","Anti-social behaviour","BT379UH"
"456237","2017-11",-5.969119,54.630494,"BENVIEW PARK","Anti-social behaviour","BT148HT"
"469633","2017-12",-5.92641,54.601179,"HILL STREET","Anti-social behaviour","BT12LB"
"307443","2016-11",-6.265153,55.202206,"WHITEHALL AVENUE","Violence and sexual offences",NA
"172912","2016-01",-6.333953,54.191075,"MILLVIEW COURT","Violence and sexual offences","BT341TJ"
"22300","2015-02",-7.318436,55.016975,"ST. FRANCIS TERRACE","Violence and sexual offences","BT487QS"
"124979","2015-10",-7.314723,55.013783,"FARREN PARK","Anti-social behaviour","BT487QH"
"60516","2015-05",-5.923358,54.600947,"QUEENS SQUARE","Shoplifting","BT13FG"
"155529","2015-12",-5.811637,54.856895,"NEWINGTON AVENUE","Criminal damage and arson","BT401NN"
"185983","2016-02",-6.443493,54.422834,"HIGH STREET","Violence and sexual offences","BT189SS"
"464541","2017-11",-6.561746,54.955402,"CLARAGH HILL GRANGE","Violence and sexual offences","BT515YR"
"235197","2016-06",-5.717826,54.327056,"MARKET STREET","Other theft","BT538RG"
"11380","2015-01",-5.92988,54.595012,"FRANKLIN STREET","Other crime","BT28DS"
"218717","2016-05",-6.950893,55.051406,"CONNELL STREET CAR PARK","Burglary","BT490DB"
"14899","2015-02",-6.769193,54.504646,"MARKET SQUARE","Anti-social behaviour","BT701AL"
"103883","2015-08",-5.927733,54.597383,"CHICHESTER STREET","Shoplifting","BT14JQ"
"111822","2015-09",-6.212749,54.718511,"MOUNT ORIEL COURT","Anti-social behaviour","BT414JU"
"182906","2016-02",-6.001447,54.752129,"THE SQUARE","Theft from the person","BT714LN"
"36482","2015-03",-6.74201,54.647632,"UNION STREET","Other crime","BT521QA"
"408623","2017-07",-5.911809,54.590748,"PARK PARADE","Violence and sexual offences","BT274AJ"
"80806","2015-07",-6.372803,54.443456,"WESTACRES","Anti-social behaviour","BT654BD"
"29271","2015-03",-5.924925,54.599348,"UPPER CHURCH LANE","Criminal damage and arson","BT635JE"
"46705","2015-04",-5.88587,54.591789,"KENSINGTON AVENUE","Public order","BT324JH"
"280378","2016-09",-5.930305,54.598533,"DONEGALL PLACE","Violence and sexual offences","BT486NU"
"122156","2015-10",-5.907477,54.58743,"SUNWICH STREET","Anti-social behaviour","BT68JT"
"23642","2015-03",-5.958078,54.597405,"SPRINGFIELD ROAD","Anti-social behaviour","BT205BZ"
"64500","2015-06",-5.963783,54.668761,"HIGHTOWN DRIVE","Anti-social behaviour","BT367TG"
"221424","2016-05",-6.220461,54.371073,"TULLYHENAN ROAD","Other theft","BT324EY"
"349241","2017-03",-6.221368,54.715206,"MARKET SQUARE","Criminal damage and arson","BT701AL"
"328902","2017-01",-6.227397,54.967086,"LISNAMANNY ROAD","Violence and sexual offences","BT436QH"
"73954","2015-06",-5.89193,54.631106,"WEST BANK ROAD","Other theft","BT39JL"
"247354","2016-07",-5.974881,54.591218,"WHITEROCK CRESCENT","Criminal damage and arson","BT127PN"
"226009","2016-05",-5.526802,54.606996,"SHORE ROAD","Violence and sexual offences","BT403HQ"
"272347","2016-09",-5.919676,54.654902,"LONGWOOD ROAD","Anti-social behaviour","BT379UH"
"19402","2015-02",-6.192257,54.509883,"WILLOW LODGE","Public order","BT282WL"
"158339","2015-12",-5.926512,54.597057,"MONTGOMERY STREET","Shoplifting","BT14NX"
"417086","2017-08",-6.346957,54.459772,"MANSEFIELD","Anti-social behaviour","BT668PB"
"230111","2016-06",-5.986772,54.577239,"SHANLIEVE ROAD","Anti-social behaviour","BT118GN"
"67527","2015-06",-5.958592,54.685089,"WYNNLAND GARDENS","Anti-social behaviour","BT366SD"
"110340","2015-09",-6.028824,54.556475,"WOODSIDE DRIVE","Anti-social behaviour","BT170SP"
"69316","2015-06",-7.304763,54.587428,"COOLNAGARD AVENUE","Anti-social behaviour","BT781GA"
"119651","2015-09",-6.339119,54.175351,"THE MALL","Violence and sexual offences","BT341AN"
"441674","2017-10",-6.12241,54.612969,"KNOCKCAIRN LODGE","Anti-social behaviour","BT294WY"
"196152","2016-03",-7.310418,54.598833,"GREAT NORTHERN ROAD","Shoplifting",NA
"207764","2016-04",-6.748826,55.03992,"CRAIGMORE ROAD","Other theft","BT514HS"
"462143","2017-11",-6.269062,54.863876,"TARDREE GROVE","Vehicle crime","BT437BJ"
"210111","2016-04",-6.948611,55.043535,"ROE MILL GARDENS","Violence and sexual offences","BT499AU"
"455552","2017-11",-7.594185,54.709856,"KILCLEAN ROAD","Anti-social behaviour","BT817LD"
"55066","2015-05",-5.632431,54.655035,"LINDEN PARK","Anti-social behaviour","BT196EA"
"414189","2017-08",-6.219685,54.72882,"MEADOW DRIVE","Anti-social behaviour","BT235XS"
"248","2015-01",-5.928966,54.58346,"RUGBY STREET","Anti-social behaviour","BT71PX"
"95813","2015-08",-6.267332,54.867903,"FARM LODGE AVENUE","Anti-social behaviour","BT437DF"
"238866","2016-06",-6.334306,54.463704,"CHURCH PLACE","Violence and sexual offences","BT666EY"
"93227","2015-07",NA,NA,"NO LOCATION","Other crime",NA
"197439","2016-03",-5.94212,54.568023,"BROOMHILL PARK","Violence and sexual offences","BT513AN"
"251504","2016-07",-5.901405,54.576435,"NORTH BANK","Violence and sexual offences","BT60DX"
"60320","2015-05",-6.753269,54.648745,"MILLBURN AVENUE","Shoplifting","BT808BU"
"150843","2015-12",-5.872501,54.600702,"EDENVALE CRESCENT","Anti-social behaviour","BT42BH"
"375222","2017-05",-5.961257,54.606237,"LAWNVIEW STREET","Anti-social behaviour","BT133BZ"
"187546","2016-03",-6.144152,54.417373,"MOUNTVIEW DRIVE","Anti-social behaviour","BT536TF"
"403341","2017-07",-6.67224,55.132525,"QUEEN STREET","Anti-social behaviour","BT487EF"
"175898","2016-02",-6.335317,54.463484,"CHURCH PLACE","Anti-social behaviour","BT666EY"
"124162","2015-10",-5.937749,54.582001,"WELLESLEY AVENUE","Anti-social behaviour","BT96DG"
"9865","2015-01",-6.046705,54.511284,"BOW STREET","Violence and sexual offences","BT281BN"
"446552","2017-10",-6.272573,54.860808,"EDWARD STREET","Criminal damage and arson","BT666DD"
"203884","2016-04",-5.935672,54.612955,"HALLIDAYS ROAD","Anti-social behaviour","BT152FJ"
"67941","2015-06",-5.963716,54.664537,"HIGHTOWN RISE","Anti-social behaviour","BT367XJ"
"10433","2015-01",-5.890652,54.59207,"BEERSBRIDGE ROAD","Violence and sexual offences","BT55EG"
"414510","2017-08",-6.400694,54.197766,"BROOKVILLE CRESCENT","Anti-social behaviour","BT357BD"
"323669","2017-01",-6.188806,54.717734,"AGHABOY GARDENS","Anti-social behaviour","BT411RE"
"250491","2016-07",-5.807457,54.845813,"THE HARBOUR HIGHWAY","Shoplifting",NA
"253134","2016-07",-6.339395,54.458383,"GEORGE STREET","Violence and sexual offences","BT623AS"
"48512","2015-04",-5.928741,54.597032,"DONEGALL SQUARE EAST","Violence and sexual offences","BT15HD"
"14894","2015-02",-6.515408,55.068083,"MEETING HOUSE STREET","Anti-social behaviour","BT210HJ"
"469752","2017-12",-5.935448,54.605476,"STANHOPE DRIVE","Anti-social behaviour","BT131BX"
"25647","2015-03",-6.215194,54.620464,"MAIN STREET","Anti-social behaviour","BT536AN"
"211805","2016-04",-6.341859,54.166197,"DRUMALANE ROAD","Violence and sexual offences","BT358AP"
"89402","2015-07",-6.052099,54.511829,"RIDGEWAY STREET","Shoplifting","BT95FB"
"156322","2015-12",-6.265207,54.342677,"SUMMERHILL GREEN","Criminal damage and arson","BT323GY"
"443977","2017-10",-6.332146,54.171283,"COURTNEY HILL","Anti-social behaviour","BT342EA"
"414947","2017-08",-5.892164,54.595152,"FACTORY STREET","Anti-social behaviour","BT55AW"
"400349","2017-07",-6.949999,55.045514,"JOSEPHINE AVENUE","Anti-social behaviour","BT499BA"
"242318","2016-07",-5.961161,54.677468,"QUEENS PARK","Anti-social behaviour","BT513JS"
"58845","2015-05",-6.335043,54.171593,"COURTNEY HILL","Other theft","BT342EA"
"327583","2017-01",-7.288067,54.602863,"CAMOWEN TERRACE","Other theft","BT790AZ"
"259685","2016-08",-6.212796,54.594293,"GLEN RIVER PARK","Anti-social behaviour","BT294FX"
"233356","2016-06",-7.328531,55.028376,"FERGLEEN PARK","Criminal damage and arson","BT488LE"
"264838","2016-08",-6.442074,54.423696,"HIGH STREET","Shoplifting","BT189SS"
"205514","2016-04",-5.946825,54.614062,"ROSAPENNA STREET","Criminal damage and arson","BT146GD"
"418421","2017-08",-5.814448,54.712692,"BELFAST ROAD","Criminal damage and arson","BT203GS"
"378041","2017-05",-6.066706,54.524615,"BALLYMACASH PARK","Criminal damage and arson","BT283EX"
"15470","2015-02",-6.356738,54.17597,"ALTNAVEIGH PARK","Burglary","BT358XB"
"88450","2015-07",-5.925144,54.610853,"BENTINCK STREET","Other theft","BT151LZ"
"221692","2016-05",-7.257974,55.020861,"TIRKEERAN PARK","Other theft","BT476YL"
"98037","2015-08",-6.33835,54.181154,"MOURNE VIEW COURT","Anti-social behaviour","BT306BH"
"329633","2017-01",-6.922442,54.928009,"HOLMLEA PARK","Violence and sexual offences","BT474JT"
"303031","2016-11",-7.353579,55.018882,"FRIEL CLOSE","Other theft","BT480QE"
"197784","2016-03",-7.028076,54.461709,"MAIN STREET","Violence and sexual offences","BT536AN"
"30287","2015-03",-6.257737,54.906514,"HAZELWOOD DRIVE","Criminal damage and arson","BT436TQ"
"384941","2017-06",-6.654112,54.346538,"THOMAS STREET","Anti-social behaviour","BT436AZ"
"380806","2017-05",-6.663686,55.133707,"RAILWAY PLACE","Violence and sexual offences","BT521PQ"
"308754","2016-12",-6.017227,54.553653,"SUMMERHILL MEWS","Anti-social behaviour","BT170LQ"
"189642","2016-03",-6.034492,54.509019,"SLOAN STREET","Anti-social behaviour","BT275AG"
"145749","2015-11",-6.329301,54.464641,"CASTLE LANE","Shoplifting","BT235EB"
"458294","2017-11",-6.326963,54.161571,"MAPLE GROVE","Criminal damage and arson","BT252BQ"
"392698","2017-06",-7.339932,55.000727,"WESTWAY","Other theft","BT489NX"
"94371","2015-08",-6.012049,54.568896,"HORN DRIVE","Anti-social behaviour","BT119NF"
"190283","2016-03",-6.683977,55.128889,"HILLVIEW PARK","Anti-social behaviour","BT365HW"
"450295","2017-10",-5.901225,54.597987,"MAJOR STREET","Violence and sexual offences","BT54HL"
"177508","2016-02",-7.216132,54.980194,"LETTERSHENDONY AVENUE","Anti-social behaviour","BT473HZ"
"352152","2017-03",-5.966062,54.587476,"ST. JAMES'S ROAD","Public order",NA
"133105","2015-10",-6.344132,54.173309,"DOMINIC STREET","Shoplifting","BT358BW"
"431912","2017-09",-5.712762,54.319421,"RACECOURSE HILL","Criminal damage and arson","BT306PU"
"371604","2017-05",-5.905741,54.661302,"WHITEHOUSE PARK","Anti-social behaviour","BT480QA"
"27700","2015-03",-5.926808,54.582398,"HARROW STREET","Anti-social behaviour","BT71QG"
"402494","2017-07",-5.914387,54.663455,"ARDMILLAN GARDENS","Anti-social behaviour","BT204NF"
"297690","2016-11",-7.322511,54.996849,"WATERLOO STREET","Anti-social behaviour","BT486HE"
"198082","2016-03",-7.347945,54.994186,"CULDAFF GARDENS","Violence and sexual offences","BT489TQ"
"273738","2016-09",-5.943826,54.596481,"GROVE TREE SOUTH","Anti-social behaviour","BT124SW"
"355544","2017-03",-6.296834,54.847962,"ROSSES FARM","Violence and sexual offences","BT422SG"
"333341","2017-02",-5.939137,54.610265,"VICINAGE PARK","Anti-social behaviour","BT146BA"
"348996","2017-03",-5.960208,54.629059,"JOANMOUNT PARK","Criminal damage and arson","BT146PE"
"363997","2017-04",-5.842175,54.633014,"WEST GREEN","Criminal damage and arson","BT234PQ"
"199462","2016-03",-5.922687,54.59497,"FRIENDLY STREET","Violence and sexual offences","BT72HR"
"206683","2016-04",-5.632694,54.628928,"COTTON ROAD","Criminal damage and arson","BT197QH"
"48197","2015-04",-6.332962,54.455779,"RUSSELL DRIVE","Violence and sexual offences","BT668HF"
"128004","2015-10",-6.334377,54.179005,"TREVOR HILL","Anti-social behaviour","BT341DN"
"396104","2017-06",-5.880215,54.600262,"HOLYWOOD ROAD","Violence and sexual offences","BT42LR"
"94452","2015-08",-5.922211,54.641064,"SHORE CRESCENT","Anti-social behaviour","BT154JR"
"304084","2016-11",-5.948905,54.610871,"ALBERTVILLE DRIVE","Robbery","BT147BX"
"384560","2017-06",-7.442017,54.251446,"CHURCH LANE","Anti-social behaviour","BT623PW"
"183721","2016-02",-5.989925,54.070602,"BIGNIAN AVENUE","Violence and sexual offences","BT344NF"
"142743","2015-11",-6.338659,54.177259,"BANK PARADE","Criminal damage and arson","BT356HP"
"45685","2015-04",-6.526258,55.080405,"BEECHCROFT","Other theft","BT536NF"
"311686","2016-12",-5.961838,54.588115,"RODNEY PARADE","Anti-social behaviour","BT126EE"
"381117","2017-05",-6.851962,54.552751,"POMEROY ROAD","Violence and sexual offences","BT702TZ"
"241697","2016-07",-5.947991,54.611494,"OLDPARK ROAD","Anti-social behaviour","BT146QR"
"163851","2016-01",-6.341023,54.4673,"HEADINGTON DRIVE","Anti-social behaviour","BT666QZ"
"129360","2015-10",-6.664417,55.145169,"SHELL BRIDGE PARK","Criminal damage and arson","BT522HP"
"466350","2017-12",-5.468996,54.495533,"HAWTHORN CRESCENT","Anti-social behaviour","BT221TF"
"238320","2016-06",-5.939583,54.623804,"KANSAS AVENUE","Violence and sexual offences","BT155AX"
"324282","2017-01",-5.902839,54.583135,"EARL HAIG PARK","Burglary","BT68NR"
"204346","2016-04",-6.278102,54.880526,"JOHNSTON CLOSE","Anti-social behaviour","BT436LT"
"198590","2016-03",-5.801706,54.600245,"GRANGEWOOD GROVE","Violence and sexual offences","BT161GF"
"341899","2017-02",-7.643856,54.347106,"CASTLE STREET","Violence and sexual offences","BT210DN"
"92408","2015-07",-6.309296,54.38085,"MILLAR PARK","Violence and sexual offences","BT636DX"
"237701","2016-06",-6.344649,54.17416,"PETERS PLACE","Violence and sexual offences","BT358EE"
"379047","2017-05",-5.805124,54.715515,"JOYMOUNT","Other theft","BT387DN"
"186278","2016-02",-7.323437,55.017066,"BUNCRANA ROAD","Other crime","BT488AB"
"39147","2015-04",-5.829883,54.462658,"COTSWOLD DRIVE","Anti-social behaviour","BT204SF"
"27924","2015-03",-5.611609,54.25914,"ISABELLA WAY","Burglary","BT307UR"
"391631","2017-06",-7.323641,55.001221,"CLARENDON STREET","Criminal damage and arson","BT487ER"
"182950","2016-02",-6.202263,54.098952,"ROSSES QUAY","Vehicle crime","BT343GL"
"31890","2015-03",-6.657725,54.35603,"RAILWAY STREET","Other theft","BT235HQ"
"52799","2015-05",-6.194277,54.707429,"BELMONT HEIGHTS","Anti-social behaviour","BT411BD"
"444987","2017-10",-5.937646,54.597813,"KILLEN STREET","Anti-social behaviour",NA
"449022","2017-10",-7.318992,54.995249,"NEWMARKET STREET","Shoplifting","BT486EB"
"438600","2017-09",-6.344973,54.469196,"GARLAND CRESCENT","Violence and sexual offences","BT666EW"
"116886","2015-09",-5.887483,54.577369,"MONTGOMERY ROAD","Other theft","BT69HL"
"229408","2016-06",-6.855955,54.991882,"KILHOYLE ROAD","Anti-social behaviour","BT490PU"
"108673","2015-09",-5.780494,54.591896,"OLD MILL PARK","Anti-social behaviour","BT161WF"
"214288","2016-05",-5.887427,54.584125,"CASTLEREAGH ROAD","Anti-social behaviour","BT55FF"
"301101","2016-11",-5.898654,54.583611,"CREGAGH ROAD","Criminal damage and arson","BT60LA"
"228763","2016-06",-5.797215,54.740584,"BRADFORD HEIGHTS","Anti-social behaviour","BT389EB"
"362818","2017-04",-5.936427,54.59835,"COLLEGE PLACE NORTH","Criminal damage and arson","BT16BE"
"152720","2015-12",-5.713666,54.598496,"ASCOT PARK","Anti-social behaviour","BT234AZ"
"95405","2015-08",-7.321893,54.999244,"GREAT JAMES STREET","Anti-social behaviour","BT487DG"
"21285","2015-02",-6.192257,54.509883,"WILLOW LODGE","Violence and sexual offences","BT282WL"
"48067","2015-04",-6.451794,54.083887,"LONGFIELD HEIGHTS","Violence and sexual offences","BT359PW"
"71838","2015-06",-5.82395,54.850369,"LATHARNA HOUSES","Criminal damage and arson","BT401LL"
"127198","2015-10",-5.547633,54.380822,"FERRY STREET","Anti-social behaviour","BT221PB"
"111585","2015-09",-5.662538,54.645134,"BALLYVESTER GROVE","Anti-social behaviour","BT197RL"
"213328","2016-05",-6.008671,54.565561,"ORANMORE DRIVE","Anti-social behaviour","BT119LD"
"424369","2017-08",-5.666134,54.410426,"OSBORNE DRIVE","Violence and sexual offences","BT96LH"
"8808","2015-01",-6.321428,54.193148,"CARNEY HALL","Violence and sexual offences","BT341GA"
"225114","2016-05",-5.90193,54.59932,"NEWTOWNARDS ROAD","Violence and sexual offences","BT41HE"
"110679","2015-09",-5.97618,54.555354,"INISHOWEN DRIVE","Anti-social behaviour","BT100EW"
"149312","2015-11",-5.665709,54.664127,"ALBERT STREET","Violence and sexual offences","BT401LG"
"190273","2016-03",-5.96736,54.626322,"BALLYSILLAN ROAD","Anti-social behaviour","BT147QT"
"136777","2015-10",NA,NA,"NO LOCATION","Violence and sexual offences",NA
"235283","2016-06",-7.322467,54.995762,"THE DIAMOND","Other theft","BT515QH"
"356749","2017-04",-6.766066,54.500356,"EMPIRE AVENUE","Anti-social behaviour","BT717AL"
"207295","2016-04",-5.931754,54.598036,"FOUNTAIN STREET","Drugs","BT828JF"
"9212","2015-01",-6.267384,54.351244,"CASTLEWELLAN ROAD","Violence and sexual offences","BT252LD"
"324107","2017-01",-6.918578,55.044027,"DRUMMOND MANOR","Anti-social behaviour","BT490UQ"
"364339","2017-04",-6.649533,55.202703,"HAMILTON PLACE LANE","Drugs","BT568DR"
"449324","2017-10",-5.872153,54.595493,"KERRSLAND PARADE","Shoplifting","BT56EP"
"221715","2016-05",-5.654877,54.637986,"GIBSON'S GREEN","Other theft","BT197SQ"
"312046","2016-12",-5.9374,54.615213,"EIA STREET","Anti-social behaviour","BT146BT"
"56282","2015-05",-5.786019,54.7232,"LARNE ROAD","Burglary","BT423AX"
"387221","2017-06",-6.034161,54.586581,"UPPER SPRINGFIELD ROAD","Anti-social behaviour","BT127QX"
"388909","2017-06",-5.948683,54.594964,"RODEN STREET","Anti-social behaviour","BT125DL"
"73227","2015-06",-5.979075,54.56401,"UPPER LISBURN ROAD","Other theft","BT100AA"
"240626","2016-07",-7.650132,54.348588,"THE BROOK","Anti-social behaviour","BT747EU"
"123398","2015-10",-5.463353,54.494174,"HIGH STREET","Anti-social behaviour","BT189SS"
"449560","2017-10",-7.644248,54.404862,"TULLYAVEY ROAD","Vehicle crime","BT942JT"
"384319","2017-06",-6.007789,54.750131,"OLLARDALE PARK","Anti-social behaviour","BT399EQ"
"340760","2017-02",-5.905309,54.563645,"GLENCREGAGH ROAD","Violence and sexual offences","BT86FZ"
"257910","2016-08",-7.349004,54.988631,"HIGH PARK","Anti-social behaviour","BT489SW"
"47593","2015-04",-6.265227,54.856328,"CHICHESTER PARK EAST","Vehicle crime","BT424BH"
"451922","2017-10",-7.357903,55.01833,"AILEACH ROAD","Violence and sexual offences","BT480AZ"
"84524","2015-07",-6.003482,54.060611,"IRVINGTON PARK","Bicycle theft","BT344LX"
"390237","2017-06",-6.318243,54.748726,"THE PARADE","Burglary","BT413AA"
"63914","2015-05",-5.950246,54.618378,"WYNDHAM DRIVE","Violence and sexual offences","BT146AF"
"390448","2017-06",-7.340854,55.015994,"KILLARY ROAD","Criminal damage and arson","BT480ED"
"477486","2017-12",-5.909464,54.569476,"QUEENSBERRY PARK","Violence and sexual offences","BT60HN"
"439005","2017-09",-5.888751,54.596799,"LABURNUM STREET","Other crime","BT55BD"
"474555","2017-12",-6.661341,54.649156,"MONEYHAW ROAD","Vehicle crime","BT457XJ"
"279083","2016-09",-6.68493,54.440861,"CHURCHVIEW","Violence and sexual offences","BT717SZ"
"185505","2016-02",-5.630628,54.652987,"SILVERBIRCH ROAD","Violence and sexual offences","BT196FA"
"360737","2017-04",-6.743916,54.634544,"GORTALOWRY PARK","Anti-social behaviour","BT808JH"
"124808","2015-10",-5.873726,54.600948,"EDENVALE CRESCENT","Anti-social behaviour","BT42BH"
"307318","2016-11",-6.071025,54.508368,"HERTFORD SQUARE","Violence and sexual offences","BT281SX"
"354929","2017-03",-6.553116,55.048647,"DRUMVALE AVENUE","Violence and sexual offences","BT537TE"
"173458","2016-01",-5.936073,54.599844,"MILLFIELD","Violence and sexual offences","BT436PD"
"232126","2016-06",-6.663572,54.345062,"NIALLS CRESCENT","Bicycle theft","BT604AP"
"439962","2017-10",-5.985531,54.597686,"VERE FOSTER WALK","Anti-social behaviour","BT127QL"
"315399","2016-12",-5.989518,54.566089,"FINAGHY ROAD NORTH","Other theft","BT100JA"
"252679","2016-07",-7.35564,55.019019,"AILEACH ROAD","Violence and sexual offences","BT480AZ"
"999","2015-01",-7.016933,55.044565,"MAIN STREET","Anti-social behaviour","BT536AN"
"238227","2016-06",-5.935448,54.605476,"STANHOPE DRIVE","Violence and sexual offences","BT131BX"
"199538","2016-03",-6.021614,54.577032,"HANNAHSTOWN HILL","Violence and sexual offences","BT170LT"
"206459","2016-04",-6.049774,54.510731,"CHAPEL HILL","Criminal damage and arson","BT281BW"
"387206","2017-06",-6.033147,54.509375,"MERCER COURT","Anti-social behaviour","BT275AT"
"153877","2015-12",-6.753269,54.648745,"MILLBURN AVENUE","Anti-social behaviour","BT808BU"
"379229","2017-05",-6.283101,54.879869,"MUROB PARK","Other theft","BT436JG"
"3148","2015-01",-5.671813,54.659042,"RAILWAYVIEW STREET","Anti-social behaviour","BT203BZ"
"431645","2017-09",-6.648976,55.203371,"CAUSEWAY STREET","Burglary","BT568AE"
"323493","2017-01",-6.654342,55.205424,"KERR STREET","Anti-social behaviour","BT568DQ"
"193319","2016-03",-5.897426,54.594524,"TEMPLEMORE STREET","Criminal damage and arson","BT54SA"
"6226","2015-01",-6.331305,54.455954,"COLBAN CRESCENT","Drugs","BT668HY"
"451935","2017-10",-5.543164,54.638079,"BEECHFIELD DRIVE","Violence and sexual offences","BT522HX"
"376637","2017-05",-7.319963,54.996961,"SHIPQUAY STREET","Criminal damage and arson","BT486DW"
"284489","2016-10",-6.694091,54.548158,"LISNASTRANE PARK","Anti-social behaviour","BT714PW"
"352695","2017-03",-5.934292,54.600173,"BERRY STREET","Shoplifting","BT11FJ"
"388582","2017-06",-5.698675,54.605266,"MOUNTAINSIDE","Anti-social behaviour","BT234UT"
"4225","2015-01",-5.974378,54.599153,"HIGHFIELD DRIVE","Burglary","BT133RN"
"387825","2017-06",-5.957168,54.617112,"JAMAICA ROAD","Anti-social behaviour","BT147QW"
"166366","2016-01",-5.963291,54.603333,"MARCH STREET","Anti-social behaviour","BT133EU"
"415955","2017-08",-7.289145,54.988431,"PELHAM ROAD","Anti-social behaviour","BT476FT"
"241505","2016-07",-6.000533,54.552381,"KINGSWAY","Anti-social behaviour","BT179RY"
"19377","2015-02",-5.957816,54.620241,"DEERPARK ROAD","Public order","BT440DP"
"375813","2017-05",-6.012635,54.755224,"MERION PARK","Anti-social behaviour","BT399XD"
"116070","2015-09",-7.310804,54.995257,"BONDS HILL","Drugs","BT476DW"
"284187","2016-10",-5.804206,54.34213,"LOUGHINISLAND ROAD","Anti-social behaviour",NA
"438119","2017-09",-6.744976,54.645884,"CENTRAL AVENUE","Violence and sexual offences","BT557BP"
"216823","2016-05",-6.39445,54.195985,"O'DONOGHUE PARK","Anti-social behaviour","BT357AA"
"239678","2016-06",-7.344984,55.019609,"YEATS COURT","Violence and sexual offences","BT480PL"
"367181","2017-04",-5.84021,54.852061,"HAMPTON CRESCENT","Violence and sexual offences","BT402BW"
"217569","2016-05",-6.525515,55.200054,"HERON SHAW","Anti-social behaviour",NA
"112070","2015-09",-5.918262,54.579808,"PARK ROAD","Anti-social behaviour","BT72FW"
"129848","2015-10",-5.702351,54.595523,"WEST STREET","Criminal damage and arson","BT389HR"
"123040","2015-10",-5.959295,54.617911,"ETNA DRIVE","Anti-social behaviour","BT147LH"
"217808","2016-05",-5.682438,54.634123,"BEECHFIELD AVENUE","Anti-social behaviour","BT387SN"
"419559","2017-08",-6.188473,54.719274,"NORFOLK SQUARE","Criminal damage and arson","BT412SE"
"364605","2017-04",-6.259211,54.544288,"PORTMORE LEA","Drugs","BT282LX"
"192532","2016-03",-7.298989,54.983817,"LISNAVAR COURT","Criminal damage and arson","BT472NE"
"12578","2015-02",-6.32366,54.757462,"TRESNA PARK","Anti-social behaviour","BT413HH"
"63060","2015-05",-6.190992,54.713948,"OAKLANDS","Violence and sexual offences","BT411LS"
"28067","2015-03",-5.894172,54.631172,"WEST BANK CLOSE","Burglary","BT39LD"
"404510","2017-07",-5.935482,54.617013,"ATLANTIC AVENUE","Criminal damage and arson","BT152HN"
"473533","2017-12",-6.44659,54.419586,"CHURCH STREET","Possession of weapons","BT536DL"
"227914","2016-06",-6.136842,54.418222,"JUBILEE HEIGHTS","Anti-social behaviour","BT251QG"
"120667","2015-09",-6.188752,54.709898,"FIRMOUNT DRIVE","Violence and sexual offences","BT411JH"
"56206","2015-05",-5.896888,54.595054,"AVONIEL ROAD","Burglary","BT54SE"
"464648","2017-11",-5.696024,54.650259,"CARRICKMANNIN GARDENS","Violence and sexual offences","BT191SX"
"409241","2017-07",-5.970031,54.628973,"BENVIEW PARK","Violence and sexual offences","BT148HT"
"266315","2016-08",-7.60575,54.709175,"MUCKLEHILL VIEW","Violence and sexual offences",NA
"230757","2016-06",-7.164345,54.414999,"FERNDALE","Anti-social behaviour","BT716FZ"
"17430","2015-02",-7.273714,54.981306,"FINCAIRN ROAD","Criminal damage and arson","BT473LE"
"233215","2016-06",-5.961537,54.623852,"DEERPARK ROAD","Criminal damage and arson","BT440DP"
"277920","2016-09",-5.930851,54.601812,"NORTH STREET","Shoplifting","BT546BN"
"70765","2015-06",-5.842621,54.631315,"JACKSON'S ROAD","Criminal damage and arson","BT189EZ"
"454979","2017-11",-5.940717,54.616375,"CLIFTONVILLE AVENUE","Anti-social behaviour","BT146BX"
"408478","2017-07",-5.953405,54.966024,"TOBERWINE STREET","Vehicle crime","BT440AP"
"374725","2017-05",-5.931179,54.593507,"BEDFORD STREET","Anti-social behaviour","BT27EN"
"314996","2016-12",-5.696199,54.59759,"TALBOT STREET","Other theft","BT234EQ"
"410884","2017-07",NA,NA,"NO LOCATION","Violence and sexual offences",NA
"471617","2017-12",-6.251038,54.862863,"RONA GARDENS","Criminal damage and arson","BT424DU"
"128391","2015-10",-5.949761,54.559968,"PINEY LANE","Burglary","BT95QS"
"298645","2016-11",-5.930334,54.599189,"CASTLE STREET","Anti-social behaviour","BT210DN"
"459805","2017-11",-5.671433,54.6581,"ABBEY STREET","Drugs","BT521DS"
"222226","2016-05",-6.787016,54.512184,"CASTLEVIEW HEIGHTS","Robbery","BT701TT"
"124458","2015-10",-6.220805,54.713527,"LOUGH ROAD","Anti-social behaviour","BT282PQ"
"443868","2017-10",-6.633638,54.878327,"ALEXANDER PARK","Anti-social behaviour","BT465SR"
"127943","2015-10",-6.71841,55.183019,"THE PROMENADE","Anti-social behaviour","BT557AE"
"71124","2015-06",-6.023872,54.555613,"GLASVEY WALK","Criminal damage and arson","BT170DE"
"477286","2017-12",-5.948269,54.581974,"EDINBURGH STREET","Violence and sexual offences","BT97DT"
"12150","2015-02",-7.306401,55.027686,"DAISY HILL PARK","Anti-social behaviour","BT488EZ"
"147570","2015-11",-5.871094,54.606311,"HOLYWOOD ROAD","Violence and sexual offences","BT42LR"
"143414","2015-11",-6.22152,54.619183,"CAIRN GARDENS","Criminal damage and arson","BT294UZ"
"242469","2016-07",-5.933369,54.655334,"OLD THRONE PARK","Anti-social behaviour","BT367SG"
"288915","2016-10",-6.760808,54.517991,"COALISLAND ROAD","Criminal damage and arson","BT716LA"
"180615","2016-02",-6.634408,54.344376,"ORANGEFIELD DRIVE","Drugs","BT601DT"
"367838","2017-04",-7.311545,54.496195,"ECCLESVILLE HEIGHTS","Violence and sexual offences","BT782DG"
"238081","2016-06",-6.519113,54.753601,"AUGHRIM ROAD","Violence and sexual offences","BT456JY"
"233857","2016-06",-7.632003,54.350196,"FACTORY ROAD","Criminal damage and arson","BT746DP"
"190188","2016-03",-5.661315,54.652128,"BLOOMFIELD PLACE","Anti-social behaviour","BT204UT"
"10211","2015-01",-5.928741,54.597032,"DONEGALL SQUARE EAST","Violence and sexual offences","BT15HD"
"48422","2015-04",-6.274141,54.860561,"WARING STREET","Violence and sexual offences","BT12ED"
"424643","2017-08",-7.281281,55.047266,"SPRUCE MEADOWS","Violence and sexual offences","BT488SF"
"12682","2015-02",-7.309149,54.97977,"WINDRIDGE DRIVE","Anti-social behaviour","BT472JN"
"282866","2016-10",-5.907315,54.67619,"FERNAGH ROAD","Anti-social behaviour","BT370BE"
"373771","2017-05",-6.02648,54.56659,"GOOD SHEPHERD COURT","Anti-social behaviour","BT170LS"
"262053","2016-08",-5.665265,54.64188,"BALLOO DRIVE","Criminal damage and arson","BT197QY"
"85304","2015-07",-6.345655,54.170841,"BARCROFT PARK","Criminal damage and arson","BT358ES"
"260263","2016-08",-5.925874,54.670426,"DUNANNEY","Burglary","BT366DD"
"235360","2016-06",-6.65762,55.210213,"LANSDOWNE LANE","Other theft","BT568AZ"
"24727","2015-03",-5.934292,54.600173,"BERRY STREET","Anti-social behaviour","BT11FJ"
"212912","2016-05",-5.93124,54.590471,"SALISBURY COURT","Anti-social behaviour","BT71DD"
"28906","2015-03",-6.752494,54.516675,"LURGABOY ROAD","Criminal damage and arson",NA
"60215","2015-05",-6.2771,54.866407,"HIGH STREET","Shoplifting","BT189SS"
"328235","2017-01",-7.286046,54.986993,"MANORWOOD","Vehicle crime","BT476FD"
"325905","2017-01",-5.928653,54.601811,"DONEGALL STREET","Criminal damage and arson","BT12GQ"
"447198","2017-10",-5.95467,54.615677,"JAMAICA ROAD","Criminal damage and arson","BT147QW"
"252132","2016-07",-6.165055,54.234157,"SPELGA DRIVE","Violence and sexual offences","BT345QN"
"43352","2015-04",-6.749456,54.648293,"ORRITOR ROAD","Criminal damage and arson","BT808BN"
"18304","2015-02",-6.113566,54.443297,"HILLSBOROUGH ROAD","Other theft","BT88HR"
"260818","2016-08",-5.943389,54.583966,"LISBURN ROAD","Burglary","BT294NX"
"463857","2017-11",-6.760808,54.517991,"COALISLAND ROAD","Violence and sexual offences","BT716LA"
"305613","2016-11",-6.402327,54.203493,"MCCLENAGHANS HILL","Violence and sexual offences","BT357BS"
"106697","2015-08",-6.648479,55.136432,"QUICKTHORN PLACE","Violence and sexual offences","BT522HA"
"142782","2015-11",-6.651254,54.355868,"KNOCKAMELL PARK","Criminal damage and arson","BT617HJ"
"91059","2015-07",-5.920198,54.669556,"INNISCARN DRIVE","Violence and sexual offences","BT379JR"
"458059","2017-11",-7.333084,54.990584,"LECKY ROAD","Criminal damage and arson","BT486NR"
"466772","2017-12",-5.888655,54.59598,"BLOOMFIELD AVENUE","Anti-social behaviour","BT55AB"
"400840","2017-07",-6.378355,54.088481,"FINEGANS ROAD","Anti-social behaviour","BT358SR"
"241827","2016-07",-7.028973,55.042883,"RIVERVIEW","Anti-social behaviour","BT344WF"
"106155","2015-08",-6.640065,54.350477,"DRUMADD ROAD","Violence and sexual offences","BT619EA"
"298906","2016-11",-6.083211,54.522785,"LIMETREE LODGE","Anti-social behaviour","BT282YH"
"267297","2016-08",-7.550678,54.710277,"DRUMNABEY PARK","Violence and sexual offences","BT817PS"
"130138","2015-10",-6.215159,54.59333,"RIVERSIDE COURT","Criminal damage and arson","BT294DS"
"305113","2016-11",-5.926512,54.597057,"MONTGOMERY STREET","Violence and sexual offences","BT14NX"
"332841","2017-02",-5.684028,54.600448,"ROSEVALE AVENUE","Anti-social behaviour","BT237BL"
"179612","2016-02",-5.932232,54.611207,"NEW LODGE ROAD","Criminal damage and arson","BT152EJ"
"288419","2016-10",-6.767636,54.514333,"BERNAGH GARDENS","Criminal damage and arson","BT714AP"
"201539","2016-04",-5.987889,54.594427,"SPRINGFIELD ROAD","Anti-social behaviour","BT205BZ"
"303943","2016-11",-6.352147,54.180112,"HOSPITAL ROAD","Possession of weapons","BT455EG"
"96347","2015-08",-6.080266,54.520708,"WINDEMERE ROAD","Anti-social behaviour",NA
"462920","2017-11",-7.298719,54.984031,"LISNAVAR COURT","Violence and sexual offences","BT472NE"
"376421","2017-05",-5.893131,54.554538,"WINDERMERE ROAD","Burglary","BT387JR"
"246870","2016-07",-5.805676,54.594638,"UPPER NEWTOWNARDS ROAD","Criminal damage and arson","BT43LQ"
"84447","2015-07",-6.4418,54.423594,"MEADOW LANE","Anti-social behaviour","BT623NJ"
"142868","2015-11",-6.380007,54.445278,"LISMARA","Criminal damage and arson","BT654BE"
"203299","2016-04",-7.304583,54.984604,"KNOCKWELLAN PARK","Anti-social behaviour","BT472JD"
"31024","2015-03",-6.212628,54.587875,"OAK GROVE MANOR","Other theft","BT294ZS"
"235449","2016-06",-5.934292,54.600173,"BERRY STREET","Other theft","BT11FJ"
"300385","2016-11",-5.922587,54.63886,"SHORE CRESCENT","Burglary","BT154JR"
"19790","2015-02",NA,NA,"NO LOCATION","Shoplifting",NA
"180779","2016-02",NA,NA,"NO LOCATION","Drugs",NA
"54538","2015-05",-6.378838,54.193979,"BROOKLAWNS","Anti-social behaviour","BT357NR"
"71367","2015-06",-6.00513,54.549734,"AUBURN PLACE","Criminal damage and arson","BT179AQ"
"342897","2017-02",-5.964637,54.569833,"LISBURN ROAD","Violence and sexual offences","BT294NX"
"121216","2015-09",-7.42735,54.352084,"TULLYREAGH ROAD","Violence and sexual offences","BT943DN"
"243445","2016-07",-7.369168,54.401348,"MORROW PARK","Anti-social behaviour","BT750LT"
"63905","2015-05",-5.935169,54.588355,"LISBURN ROAD","Violence and sexual offences","BT294NX"
"404174","2017-07",-5.951326,54.578701,"LISBURN ROAD","Burglary","BT294NX"
"35530","2015-03",-6.219412,54.723003,"PARKLANDS","Violence and sexual offences","BT436FD"
"281976","2016-10",-6.928822,55.041207,"ANDERSON CRESCENT","Anti-social behaviour","BT472BY"
"183461","2016-02",-5.990206,54.566864,"NORTHLANDS PARK","Violence and sexual offences","BT100JG"
"353967","2017-03",-6.016481,54.058032,"GRAHAMVILLE ESTATE","Violence and sexual offences","BT344DD"
"397862","2017-07",-6.344831,54.887203,"SPENCE CRESCENT","Anti-social behaviour","BT421BR"
"187035","2016-03",-5.920207,54.608719,"DOCK STREET","Anti-social behaviour","BT828EE"
"108666","2015-09",-6.270751,54.181945,"BENAGH ROAD","Anti-social behaviour","BT344SJ"
"386733","2017-06",-7.262734,55.034077,"TEMPLE ROAD","Anti-social behaviour","BT515BH"
"175225","2016-02",-7.319958,54.994473,"CARLISLE ROAD","Anti-social behaviour","BT486JW"
"187618","2016-03",-5.967735,54.619114,"ARDOYNE ROAD","Anti-social behaviour","BT147HX"
"368942","2017-04",-7.305876,54.599319,"JOHN STREET","Violence and sexual offences","BT781DW"
"380279","2017-05",-7.322053,54.999964,"STRAND ROAD","Shoplifting",NA
"239725","2016-06",-6.343293,54.168239,"DUBLIN ROAD","Violence and sexual offences","BT781HQ"
"347802","2017-03",-5.853004,54.617097,"KNOCKNAGONEY AVENUE","Anti-social behaviour","BT42PZ"
"361545","2017-04",-5.930334,54.599189,"CASTLE STREET","Anti-social behaviour","BT210DN"
"468564","2017-12",-5.97129,54.676147,"SWANSTON ROAD NORTH","Anti-social behaviour","BT365DL"
"340340","2017-02",-5.951641,54.609399,"DANUBE STREET","Violence and sexual offences","BT131RT"
"161953","2015-12",-6.664736,55.148757,"ELMS PARK","Violence and sexual offences","BT522QF"
"416138","2017-08",-5.867011,54.607119,"CAROLHILL PARK","Anti-social behaviour","BT422DG"
"410839","2017-07",-5.993488,54.596362,"DERMOTT HILL WAY","Violence and sexual offences","BT127GJ"
"60027","2015-05",-5.964856,54.602973,"WOODVALE AVENUE","Public order","BT790AU"
"443519","2017-10",-5.937231,54.635382,"STRATHMORE PARK","Anti-social behaviour","BT155HH"
"49302","2015-04",-5.888619,54.213985,"BRYANSFORD AVENUE","Violence and sexual offences","BT330LG"
"147561","2015-11",-6.941795,55.040395,"GLENVIEW DRIVE","Violence and sexual offences","BT490RZ"
"97925","2015-08",-6.26289,54.878458,"DUNFANE GARDENS","Anti-social behaviour","BT437BZ"
"191792","2016-03",-6.32903,54.164223,"CARNAGH PARK","Burglary","BT342QR"
"343111","2017-02",-5.713277,54.755436,"ALEXANDRA AVENUE","Other crime","BT536EX"
"93223","2015-07",-6.652703,55.20184,"EGLINTON LANE","Other crime","BT568DJ"
"133642","2015-10",-5.922012,54.628877,"OAKMOUNT DRIVE","Shoplifting","BT153RE"
"139271","2015-11",-5.946673,54.589099,"PRINCE ANDREW PARK","Anti-social behaviour","BT125PW"
"425819","2017-09",-7.311623,55.029566,"DRUMLECK GARDENS","Anti-social behaviour","BT488ET"
"403686","2017-07",-7.630043,54.345824,"FORTHILL STREET","Anti-social behaviour","BT746AJ"
"307546","2016-11",-6.155978,54.412694,"BANBRIDGE ROAD","Other crime","BT667HQ"
"367530","2017-04",-5.928592,54.599366,"CORN MARKET","Violence and sexual offences","BT358BG"
"95413","2015-08",-5.532792,54.605231,"PARK CRESCENT","Anti-social behaviour","BT222EL"
"235001","2016-06",-5.948835,54.599028,"NORTH HOWARD STREET","Other theft","BT132AW"
"276955","2016-09",-6.355194,54.402419,"MANSE ROAD","Other theft","BT389HW"
"211993","2016-04",-5.98088,54.598183,"SPRINGFIELD PARK","Violence and sexual offences","BT458JF"
"278128","2016-09",-5.928221,54.608794,"EARL CLOSE","Shoplifting","BT151DF"
"154517","2015-12",-5.93627,54.690407,"FORTHILL GROVE","Burglary","BT366QW"
"401924","2017-07",-6.386623,54.186087,"WOODSIDE PARK","Anti-social behaviour","BT472RE"
"82086","2015-07",-5.676958,54.605282,"NEWTOWN CRESCENT","Anti-social behaviour","BT237GP"
"74466","2015-06",-6.007805,54.549698,"KINGSWAY","Public order","BT179RY"
"179481","2016-02",-6.745891,54.651885,"LISSAN ROAD","Criminal damage and arson","BT808EW"
"430351","2017-09",-6.293906,54.206984,"RATHFRILAND ROAD","Anti-social behaviour","BT252LG"
"455391","2017-11",-5.941481,54.548173,"OLD MILLTOWN ROAD","Anti-social behaviour","BT87RZ"
"170660","2016-01",NA,NA,"NO LOCATION","Shoplifting",NA
"245320","2016-07",-6.663686,55.133707,"RAILWAY PLACE","Anti-social behaviour","BT521PQ"
"36821","2015-04",-5.96233,54.587243,"RODNEY PARADE","Anti-social behaviour","BT126EE"
"28409","2015-03",-6.002211,54.752689,"DOAGH ROAD","Burglary","BT423PR"
"143948","2015-11",-5.919676,54.654902,"LONGWOOD ROAD","Drugs","BT379UH"
"300069","2016-11",-5.934622,54.595794,"HOWARD STREET","Anti-social behaviour","BT16PG"
"41063","2015-04",-5.880528,54.581138,"MARSHALLS ROAD","Anti-social behaviour","BT56SR"
"331400","2017-02",-5.991537,54.752441,"SIXMILE MANOR","Anti-social behaviour","BT399US"
"26429","2015-03",-6.178567,54.704148,"BELFAST ROAD","Anti-social behaviour","BT203GS"
"431185","2017-09",-5.931179,54.593507,"BEDFORD STREET","Bicycle theft","BT27EN"
"417701","2017-08",-5.935872,54.588223,"SANDY ROW","Bicycle theft","BT125EY"
"364162","2017-04",-6.021924,54.575725,"GLENVEAGH PARK","Criminal damage and arson","BT118EP"
"422265","2017-08",-5.695707,54.654764,"LYNDHURST CRESCENT","Shoplifting","BT133XF"
"211346","2016-04",-5.923685,54.620055,"YORK ROAD","Violence and sexual offences","BT153GU"
"134460","2015-10",-5.970595,54.568199,"MUSGRAVE PARK COURT","Violence and sexual offences","BT97HZ"
"360225","2017-04",-5.705248,54.332622,"MARIAN PARK","Anti-social behaviour","BT308DJ"
"104775","2015-08",-6.356309,54.185219,"MAIN AVENUE","Violence and sexual offences","BT356EY"
"51483","2015-05",-5.977838,54.623937,"LIGONIEL ROAD","Anti-social behaviour","BT148DQ"
"386323","2017-06",-5.93608,54.59023,"ST. GEORGES GARDENS","Anti-social behaviour",NA
"255013","2016-08",-6.083827,54.462147,"CHURCH LANE","Anti-social behaviour","BT623PW"
"232646","2016-06",-5.984402,54.556022,"WEDDERBURN GARDENS","Burglary","BT100FZ"
"155259","2015-12",-7.278192,55.039828,"BALLYNAGARD CRESCENT","Criminal damage and arson","BT488JR"
"129453","2015-10",-6.918578,55.044027,"DRUMMOND MANOR","Criminal damage and arson","BT490UQ"
"292229","2016-10",-5.891737,54.598019,"CONNSWATER STREET","Shoplifting","BT41HT"
"149927","2015-12",-5.7104,54.31545,"KILLOUGH WALK","Anti-social behaviour","BT306QH"
"249801","2016-07",-6.753721,54.49262,"BALLYNORTHLAND PARK","Other theft","BT716DY"
"88302","2015-07",-7.318465,55.01985,"RACECOURSE ROAD","Other theft","BT487RB"
"426823","2017-09",-6.016466,54.555015,"CHERRY WALK","Anti-social behaviour","BT744BJ"
"257370","2016-08",-5.933006,54.587985,"BOTANIC AVENUE","Anti-social behaviour","BT71JQ"
"387485","2017-06",-5.890194,54.585359,"CASTLEREAGH ROAD","Anti-social behaviour","BT55FF"
"446119","2017-10",-6.349592,54.183878,"IVEAGH CRESCENT","Criminal damage and arson","BT126AW"
"397179","2017-06",-6.458269,54.489688,"CHARLESTOWN ROAD","Violence and sexual offences","BT666PW"
"468270","2017-12",-6.278223,54.865264,"MILL STREET","Anti-social behaviour","BT784AY"
"333098","2017-02",-6.049273,54.55589,"MOUNT EAGLES CRESCENT","Anti-social behaviour","BT170GL"
"379976","2017-05",-7.318883,54.994278,"BRIDGE STREET","Shoplifting","BT440RP"
"362331","2017-04",-5.932362,54.586663,"INDIA STREET","Burglary","BT71LJ"
"62478","2015-05",-5.909896,54.587606,"RAVENHILL CRESCENT","Violence and sexual offences","BT68JU"
"63917","2015-05",-5.797485,54.721873,"BARN ROAD","Violence and sexual offences","BT387EU"
"471098","2017-12",-6.130802,54.173151,"LEITRIM ROAD","Criminal damage and arson","BT319BB"
"424703","2017-08",-6.350768,54.874248,"MOUNT DAVYS ROAD","Violence and sexual offences","BT421HE"
"433546","2017-09",-5.933066,54.591086,"DUBLIN ROAD","Drugs","BT781HQ"
"150539","2015-12",-6.071102,54.489034,"EGLANTINE CRESCENT","Anti-social behaviour","BT275RH"
"182075","2016-02",-5.874591,54.60365,"EDGCUMBE GARDENS","Other theft","BT42EG"
"126423","2015-10",-5.711151,54.316048,"GLEBETOWN DRIVE","Anti-social behaviour","BT306QB"
"95893","2015-08",-7.44462,54.251763,"CHURCH LANE","Anti-social behaviour","BT623PW"
"468897","2017-12",-5.912289,54.591035,"CARRINGTON STREET","Anti-social behaviour","BT68GF"
"368969","2017-04",-6.677798,54.576945,"WEST STREET DRIVE","Violence and sexual offences","BT715HL"
"153686","2015-12",-6.750354,54.632688,"OLD RECTORY GLEN","Anti-social behaviour","BT809XX"
"34445","2015-03",-5.916248,54.661016,"RATHCOOLE DRIVE","Violence and sexual offences","BT379AE"
"292890","2016-10",-7.327015,54.995716,"LECKY ROAD","Vehicle crime","BT486NR"
"328174","2017-01",-6.652236,54.347029,"SCOTCH STREET","Shoplifting","BT701AR"
"114918","2015-09",-5.715457,54.330138,"CHURCH STREET","Criminal damage and arson","BT536DL"
"425091","2017-08",-5.929999,54.551185,"DOWNHILL WALK","Violence and sexual offences","BT87ED"
"454825","2017-11",-6.276577,54.877935,"WINDSOR WALK","Anti-social behaviour","BT389RW"
"221017","2016-05",-7.320455,54.991871,"CARLISLE ROAD","Other theft","BT486JW"
"203093","2016-04",-6.936341,55.047291,"SHANREAGH PARK","Anti-social behaviour","BT490SG"
"124778","2015-10",-5.462813,54.496661,"SHORE VIEW","Anti-social behaviour","BT221FG"
"181677","2016-02",-6.332204,54.4623,"MARKET STREET","Other theft","BT538RG"
"138340","2015-11",-5.82395,54.850369,"LATHARNA HOUSES","Anti-social behaviour","BT401LL"
"231195","2016-06",-6.220108,54.718467,"CASTLE STREET","Anti-social behaviour","BT210DN"
"310642","2016-12",-5.81932,54.338118,"LOUGHINISLAND ROAD","Anti-social behaviour",NA
"136822","2015-10",-6.677735,54.516788,"BALLYNAKILLY ROAD","Violence and sexual offences","BT716JJ"
"240392","2016-07",-5.931541,54.596433,"DONEGALL SQUARE WEST","Anti-social behaviour","BT16JH"
"101586","2015-08",-5.912945,54.655307,"MERVILLE GARDEN VILLAGE","Criminal damage and arson","BT379TY"
"409870","2017-07",-5.94028,54.582125,"WELLINGTON PARK TERRACE","Violence and sexual offences","BT96DR"
"60234","2015-05",-6.351386,54.189994,"LARCHMOUNT","Shoplifting",NA
"210716","2016-04",-5.923999,54.598389,"VICTORIA SQUARE","Violence and sexual offences","BT14QG"
"432750","2017-09",-6.226586,54.712623,"FIRFIELDS","Criminal damage and arson","BT414DL"
"470170","2017-12",-6.223655,54.179624,"ST. ANNES PARK","Burglary","BT342HH"
"38646","2015-04",-6.015305,54.571591,"KERRYKEEL GARDENS","Anti-social behaviour","BT119HS"
"167029","2016-01",-6.683945,54.286403,"DUNDRUM ROAD","Burglary","BT330BG"
"363744","2017-04",-5.847586,54.861797,"WALNUT PARK","Criminal damage and arson","BT402WF"
"389590","2017-06",-6.21247,54.729082,"KINTYRE","Anti-social behaviour","BT412AN"
"128908","2015-10",-5.941871,54.547183,"DRUMCAIRN CLOSE","Burglary","BT88HQ"
"183809","2016-02",-5.961051,54.609747,"RATHLIN STREET","Violence and sexual offences","BT133DZ"
"2303","2015-01",-5.933906,54.599241,"COLLEGE COURT","Anti-social behaviour","BT490UR"
"162629","2016-01",-5.66942,54.589304,"GREENLEA PARK","Anti-social behaviour","BT238WD"
"56425","2015-05",-5.910271,54.590865,"RAVENHILL ROAD","Burglary","BT68DN"
"394022","2017-06",-6.937704,55.047815,"SHANREAGH PARK","Vehicle crime","BT490SG"
"159392","2015-12",-5.698703,54.588311,"RACEVIEW TERRACE","Violence and sexual offences","BT234JZ"
"97514","2015-08",-6.272345,54.847571,"DRUMTARA","Anti-social behaviour","BT423DQ"
"206200","2016-04",-7.478578,54.814451,"GREEVES PARK","Criminal damage and arson","BT829LG"
"83532","2015-07",-5.908184,54.599877,"VULCAN GARDENS","Anti-social behaviour","BT54TU"
"313307","2016-12",-6.649665,55.196488,"KNOX PARK","Criminal damage and arson","BT568LG"
"458604","2017-11",-7.314101,54.596043,"ARDMORE CRESCENT","Criminal damage and arson","BT624DU"
"130859","2015-10",-7.570071,54.678017,"EDNAGEE ROAD","Criminal damage and arson","BT817RD"
"143435","2015-11",-6.350924,54.15696,"LISDRUM PARK","Criminal damage and arson","BT358QF"
"146644","2015-11",-7.293205,54.600144,"HOLMVIEW CLOSE","Violence and sexual offences","BT790PN"
"445059","2017-10",-5.934882,54.589437,"DONEGALL ROAD","Bicycle theft","BT126DY"
"177693","2016-02",-7.300818,54.600108,"SCARFFES ENTRY","Anti-social behaviour",NA
"127124","2015-10",-6.550613,54.776208,"RIVERSIDE GARDENS","Anti-social behaviour","BT458BG"
"93498","2015-08",-5.887017,54.213831,"DONARD PLACE","Anti-social behaviour","BT344BU"
"156397","2015-12",-5.809479,54.714471,"WEST STREET","Drugs","BT389HR"
"90583","2015-07",-5.933869,54.622269,"ASHFIELD COURT","Violence and sexual offences","BT210BF"
"245700","2016-07",-6.015081,54.565703,"STEWARTSTOWN ROAD","Anti-social behaviour","BT714PF"
"321176","2017-01",-5.956384,54.576235,"MARLBOROUGH COURT","Anti-social behaviour","BT97EF"
"33950","2015-03",-6.414181,54.358762,"MOURNEVIEW PARK","Violence and sexual offences","BT344NB"
"324521","2017-01",-5.992128,54.568981,"FINAGHY ROAD NORTH","Burglary","BT100JA"
"176832","2016-02",-6.038636,54.559133,"ARDCAOIN GARDENS","Anti-social behaviour","BT170UP"
"251966","2016-07",-5.70615,54.588506,"TOWER COURT","Violence and sexual offences","BT234FL"
"468254","2017-12",-5.933066,54.591086,"DUBLIN ROAD","Anti-social behaviour","BT781HQ"
"149699","2015-11",-5.96475,54.595487,"BEECHMOUNT LINK","Other crime","BT127NQ"
"146514","2015-11",-5.933062,54.602452,"NORTH STREET","Vehicle crime","BT546BN"
"468647","2017-12",-6.011549,54.064734,"HILLSIDE DRIVE","Anti-social behaviour","BT449DF"
"477223","2017-12",-6.302894,54.43749,"WINDSOR CLOSE","Violence and sexual offences","BT96FG"
"306366","2016-11",-6.944669,55.039971,"COOLESSAN WALK","Violence and sexual offences","BT499EN"
"408352","2017-07",-7.350746,55.015184,"MARIANUS PARK","Vehicle crime","BT480QU"
"349511","2017-03",-6.388868,54.454004,"LAKELANDS","Criminal damage and arson","BT641AZ"
"145989","2015-11",-6.339799,54.173671,"MILL STREET","Shoplifting","BT784AY"
"380566","2017-05",-6.654967,54.347697,"CASTLE STREET","Vehicle crime","BT210DN"
"171986","2016-01",-5.926012,54.587102,"ESSEX GROVE","Violence and sexual offences","BT71GE"
"89041","2015-07",-5.856241,54.62002,"GLENDARRAGH MEWS","Shoplifting","BT42WE"
"294566","2016-10",-5.988236,54.072038,"MOURNEVIEW PARK","Violence and sexual offences","BT344NB"
"436552","2017-09",-6.380417,54.448563,"ENNISKEEN","Violence and sexual offences","BT654AE"
"13072","2015-02",-5.953758,54.601465,"ASHMORE STREET","Anti-social behaviour","BT132LH"
"18373","2015-02",-6.322929,54.460563,"LIME GROVE","Other theft","BT668HL"
"390309","2017-06",-7.283708,55.034885,"SPRINGFIELD ROAD","Burglary","BT205BZ"
"365394","2017-04",-5.695707,54.654764,"LYNDHURST CRESCENT","Other theft","BT133XF"
"103597","2015-08",-5.922319,54.584882,"RUTLAND STREET","Shoplifting","BT72FJ"
"108688","2015-09",-6.668109,55.131797,"SOCIETY STREET","Anti-social behaviour","BT521LA"
"66177","2015-06",-5.906363,54.676021,"FERNAGH ROAD","Anti-social behaviour","BT370BE"
"449943","2017-10",-5.659353,54.63854,"RATHGILL DRIVE","Violence and sexual offences","BT197TE"
"153991","2015-12",-6.341618,54.182933,"CHEQUER HILL","Anti-social behaviour","BT356DY"
"54830","2015-05",-5.571325,54.30234,"THE FAIRWAYS","Anti-social behaviour","BT623FR"
"4239","2015-01",-5.945862,54.612275,"SUMMERHILL COURT","Burglary","BT829FJ"
"228893","2016-06",-7.313421,54.991175,"DUKE STREET","Anti-social behaviour","BT436BL"
"113407","2015-09",-5.9332,54.596372,"WELLINGTON STREET","Bicycle theft","BT436AH"
"275897","2016-09",-5.862646,54.591776,"KINGS VALE","Criminal damage and arson","BT56HR"
"169587","2016-01",-5.931612,54.591385,"ASHBURNE PLACE","Other theft","BT71SE"
"371692","2017-05",-5.931513,54.599137,"CASTLE STREET","Anti-social behaviour","BT210DN"
"182818","2016-02",-7.634071,54.342405,"THE POINT","Shoplifting","BT746JQ"
"224080","2016-05",-6.053466,54.510045,"GOVERNORS RD ROUNDABOUT","Violence and sexual offences",NA
"159051","2015-12",-5.900498,54.591352,"WILLOWFIELD STREET","Vehicle crime","BT69AU"
"295067","2016-10",-6.204998,54.82673,"TULLY ROAD","Violence and sexual offences","BT941RG"
"177504","2016-02",-5.989477,54.629711,"MILL AVENUE","Anti-social behaviour","BT817NB"
"197445","2016-03",-6.010708,54.554211,"OAKVALE GARDENS","Violence and sexual offences","BT170SD"
"423487","2017-08",-7.331411,55.004777,"ROSEMOUNT AVENUE","Violence and sexual offences","BT57HB"
"334854","2017-02",-5.967531,54.55644,"MALTON VALE","Anti-social behaviour","BT96HZ"
"86682","2015-07",-5.81896,54.714516,"WESTMOUNT AVENUE","Criminal damage and arson","BT388DQ"
"56339","2015-05",-5.944697,54.596693,"LADYMAR PARK","Burglary","BT124NS"
